"id","company","location","industry","total_laid_off","percentage_laid_off","date","stage","country","funds_raised_millions","created_at"
1,Atlassian,Sydney,Other,500,0.0500,"2023-03-06",Post-IPO,Australia,210.00,"2026-09-20 19:53:21"
2,SiriusXM,New York City,Media,475,0.0800,"2023-03-06",Post-IPO,United States,525.00,"2026-09-20 19:53:21"
3,Alerzo,Ibadan,Retail,400,,"2023-03-06",Series B,Nigeria,16.00,"2026-09-20 19:53:21"
4,UpGrad,Mumbai,Education,120,,"2023-03-06",Unknown,India,631.00,"2026-09-20 19:53:21"
5,Loft,Sao Paulo,Real Estate,340,0.1500,"2023-03-03",Unknown,Brazil,788.00,"2026-09-20 19:53:21"
6,Embark Trucks,SF Bay Area,Transportation,230,0.7000,"2023-03-03",Post-IPO,United States,317.00,"2026-09-20 19:53:21"
7,Lendi,Sydney,Real Estate,100,,"2023-03-03",Unknown,Australia,59.00,"2026-09-20 19:53:21"
8,UserTesting,SF Bay Area,Marketing,63,,"2023-03-03",Acquired,United States,152.00,"2026-09-20 19:53:21"
9,Airbnb,SF Bay Area,Unknown,30,,"2023-03-03",Post-IPO,United States,6400.00,"2026-09-20 19:53:21"
10,Accolade,Seattle,Healthcare,,,"2023-03-03",Post-IPO,United States,458.00,"2026-09-20 19:53:21"
11,Indigo,Boston,Other,,,"2023-03-03",Series F,United States.,1200.00,"2026-09-20 19:53:21"
12,Zscaler,SF Bay Area,Security,177,0.0300,"2023-03-02",Post-IPO,United States,148.00,"2026-09-20 19:53:21"
13,MasterClass,SF Bay Area,Education,79,,"2023-03-02",Series E,United States,461.00,"2026-09-20 19:53:21"
14,Ambev Tech,Blumenau,Food,50,,"2023-03-02",Acquired,Brazil,,"2026-09-20 19:53:21"
15,Fittr,Pune,Fitness,30,0.1100,"2023-03-02",Series A,India,13.00,"2026-09-20 19:53:21"
16,CNET,SF Bay Area,Media,12,0.1000,"2023-03-02",Acquired,United States,20.00,"2026-09-20 19:53:21"
17,Flipkart,Bengaluru,Retail,,,"2023-03-02",Acquired,India,12900.00,"2026-09-20 19:53:21"
18,Kandela,Los Angeles,Consumer,,1.0000,"2023-03-02",Acquired,United States,,"2026-09-20 19:53:21"
19,Truckstop.com,Boise,Logistics,,,"2023-03-02",Acquired,United States,,"2026-09-20 19:53:21"
20,Thoughtworks,Chicago,Other,500,0.0400,"2023-03-01",Post-IPO,United States,748.00,"2026-09-20 19:53:21"
21,iFood,Sao Paulo,Food,355,0.0600,"2023-03-01",Subsidiary,Brazil,2100.00,"2026-09-20 19:53:21"
22,Color Health,SF Bay Area,Healthcare,300,,"2023-03-01",Series E,United States,482.00,"2026-09-20 19:53:21"
23,Waymo,SF Bay Area,Transportation,209,0.0800,"2023-03-01",Subsidiary,United States,5500.00,"2026-09-20 19:53:21"
24,PayFit,Paris,HR,200,0.2000,"2023-03-01",Series E,France,495.00,"2026-09-20 19:53:21"
25,Yellow.ai,SF Bay Area,Support,200,,"2023-03-01",Series C,United States,102.00,"2026-09-20 19:53:21"
26,Sonder,SF Bay Area,Travel,100,0.1400,"2023-03-01",Post-IPO,United States,839.00,"2026-09-20 19:53:21"
27,Protego Trust Bank,Seattle,Crypto,,0.5000,"2023-03-01",Series A,United States,70.00,"2026-09-20 19:53:21"
28,Electronic Arts,Baton Rouge,Consumer,200,,"2023-02-28",Post-IPO,United States,2.00,"2026-09-20 19:53:21"
29,Eventbrite,SF Bay Area,Consumer,80,0.0800,"2023-02-28",Post-IPO,United States,557.00,"2026-09-20 19:53:21"
30,DUX Education,Bengaluru,Education,,1.0000,"2023-02-28",Unknown,India,,"2026-09-20 19:53:21"
31,MeridianLink,Los Angeles,Finance,,0.0900,"2023-02-28",Post-IPO,United States,485.00,"2026-09-20 19:53:21"
32,Sono Motors,Munich,Transportation,300,,"2023-02-27",Post-IPO,Germany,126.00,"2026-09-20 19:53:21"
33,Cerebral,SF Bay Area,Healthcare,285,0.1500,"2023-02-27",Series C,United States,462.00,"2026-09-20 19:53:21"
34,Amount,Chicago,Finance,130,0.2500,"2023-02-27",Unknown,United States,283.00,"2026-09-20 19:53:21"
35,Palantir,Denver,Data,75,0.0200,"2023-02-27",Post-IPO,United States.,3000.00,"2026-09-20 19:53:21"
36,Outreach,Seattle,Sales,70,0.0700,"2023-02-27",Series G,United States,489.00,"2026-09-20 19:53:21"
37,Stytch,SF Bay Area,Security,19,0.2500,"2023-02-27",Series B,United States,126.00,"2026-09-20 19:53:21"
38,BitSight,Tel Aviv,Security,40,,"2023-02-26",Unknown,Israel,401.00,"2026-09-20 19:53:21"
39,Twitter,SF Bay Area,Consumer,200,0.1000,"2023-02-25",Post-IPO,United States,12900.00,"2026-09-20 19:53:21"
40,Ericsson,Stockholm,Other,8500,0.0800,"2023-02-24",Post-IPO,Sweden,663.00,"2026-09-20 19:53:21"
41,SAP Labs,Bengaluru,Other,300,,"2023-02-24",Subsidiary,India,1300.00,"2026-09-20 19:53:21"
42,Velodyne Lidar,SF Bay Area,Transportation,220,,"2023-02-24",Acquired,United States,575.00,"2026-09-20 19:53:21"
43,Medallia,SF Bay Area,Support,59,,"2023-02-24",Acquired,United States,325.00,"2026-09-20 19:53:21"
44,Eat Just,SF Bay Area,Food,40,,"2023-02-24",Unknown,United States,465.00,"2026-09-20 19:53:21"
45,Lucira Health,SF Bay Area,Healthcare,26,,"2023-02-24",Post-IPO,United States,132.00,"2026-09-20 19:53:21"
46,Stax,Orlando,Finance,24,,"2023-02-24",Series D,United States,263.00,"2026-09-20 19:53:21"
47,Poshmark,SF Bay Area,Retail,,0.0200,"2023-02-24",Acquired,United States,153.00,"2026-09-20 19:53:21"
48,Merative,Ann Arbor,Healthcare,200,0.1000,"2023-02-23",Acquired,United States,,"2026-09-20 19:53:21"
49,OneFootball,Berlin,Marketing,150,0.3200,"2023-02-23",Series D,Germany,442.00,"2026-09-20 19:53:21"
50,The Iconic,Sydney,Retail,69,0.0600,"2023-02-23",Unknown,Australia,,"2026-09-20 19:53:21"
51,EVgo,Los Angeles,Transportation,40,,"2023-02-23",Post-IPO,United States,400.00,"2026-09-20 19:53:21"
52,StrongDM,SF Bay Area,Infrastructure,40,,"2023-02-23",Series B,United States,76.00,"2026-09-20 19:53:21"
53,Dapper Labs,Vancouver,Crypto,,0.2000,"2023-02-23",Series D,United States,607.00,"2026-09-20 19:53:21"
54,Messari,New York City,Crypto,,0.1500,"2023-02-23",Series B,United States,61.00,"2026-09-20 19:53:21"
55,Vibrent Health,Washington D.C.,Healthcare,,0.1300,"2023-02-23",Unknown,United States,,"2026-09-20 19:53:21"
56,Synamedia,London,Media,200,0.1200,"2023-02-22",Unknown,United Kingdom,,"2026-09-20 19:53:21"
57,TaskUs,San Antonio,Support,186,,"2023-02-22",Post-IPO,United States,279.00,"2026-09-20 19:53:21"
58,Arch Oncology,St. Louis,Healthcare,,,"2023-02-22",Series C,United States,155.00,"2026-09-20 19:53:21"
59,Immutable,Sydney,Crypto,,0.1100,"2023-02-22",Series C,Australia,279.00,"2026-09-20 19:53:21"
60,Jounce Therapeutics,Boston,Healthcare,,0.5700,"2023-02-22",Acquired,United States,194.00,"2026-09-20 19:53:21"
61,Locomation,Pittsburgh,Transportation,,1.0000,"2023-02-22",Seed,United States,57.00,"2026-09-20 19:53:21"
62,Polygon,Bengaluru,Crypto,100,0.2000,"2023-02-21",Unknown,India,451.00,"2026-09-20 19:53:21"
63,Crunchyroll,Tokyo,Media,85,,"2023-02-21",Unknown,Japan,26.00,"2026-09-20 19:53:21"
64,Ethos Life,SF Bay Area,Finance,50,,"2023-02-21",Series D,United States,406.00,"2026-09-20 19:53:21"
65,Bolt,Lagos,Transportation,17,,"2023-02-21",Series F,Nigeria,,"2026-09-20 19:53:21"
66,Criteo,Paris,Marketing,,,"2023-02-21",Post-IPO,France,61.00,"2026-09-20 19:53:21"
67,Green Labs,Seoul,Food,,,"2023-02-21",Series C,South Korea,214.00,"2026-09-20 19:53:21"
68,PeerStreet,Los Angeles,Real Estate,,,"2023-02-21",Series C,United States,121.00,"2026-09-20 19:53:21"
69,Zalando,Berlin,Retail,,,"2023-02-21",Post-IPO,Germany,467.00,"2026-09-20 19:53:21"
70,MyGate,Bengaluru,Other,200,0.3000,"2023-02-20",Series B,India,79.00,"2026-09-20 19:53:21"
71,Fireblocks,New York City,Crypto,30,0.0500,"2023-02-20",Series E,United States,1000.00,"2026-09-20 19:53:21"
72,Kinde,Sydney,Other,8,0.2800,"2023-02-20",Seed,Australia,10.00,"2026-09-20 19:53:21"
73,Fipola,Chennai,Food,,1.0000,"2023-02-20",Series A,United States,9.00,"2026-09-20 19:53:21"
74,HP,Tel Aviv,Hardware,100,,"2023-02-19",Post-IPO,Israel,4200.00,"2026-09-20 19:53:21"
75,Tencent,Shenzen,Consumer,300,,"2023-02-17",Post-IPO,China,12600.00,"2026-09-20 19:53:21"
76,Evernote,SF Bay Area,Consumer,129,,"2023-02-17",Acquired,United States,290.00,"2026-09-20 19:53:21"
77,Chipper Cash,SF Bay Area,Finance,100,0.3300,"2023-02-17",Series C,United States,302.00,"2026-09-20 19:53:21"
78,Digimarc,Portland,Other,,,"2023-02-17",Post-IPO,United States,105.00,"2026-09-20 19:53:21"
79,Reserve,SF Bay Area,Crypto,,,"2023-02-17",Unknown,United States,,"2026-09-20 19:53:21"
80,DocuSign,SF Bay Area,Sales,680,0.1000,"2023-02-16",Post-IPO,United States,536.00,"2026-09-20 19:53:21"
81,Pico Interactive,SF Bay Area,Other,400,0.2000,"2023-02-16",Acquired,United States,62.00,"2026-09-20 19:53:21"
82,The RealReal,SF Bay Area,Retail,230,0.0700,"2023-02-16",Post-IPO,United States,356.00,"2026-09-20 19:53:21"
83,Smartsheet,Seattle,Other,85,0.0300,"2023-02-16",Post-IPO,United States,152.00,"2026-09-20 19:53:21"
84,Convoy,Atlanta,Logistics,,,"2023-02-16",Series E,United States,1100.00,"2026-09-20 19:53:21"
85,Wix,Tel Aviv,Marketing,370,0.0600,"2023-02-15",Post-IPO,Israel,58.00,"2026-09-20 19:53:21"
86,ServiceTitan,Los Angeles,Sales,221,0.0800,"2023-02-15",Series G,United States,1100.00,"2026-09-20 19:53:21"
87,Neon,Sao Paulo,Finance,210,0.0900,"2023-02-15",Series D,Brazil,720.00,"2026-09-20 19:53:21"
88,Jellysmack,Paris,Media,208,,"2023-02-15",Series C,France,22.00,"2026-09-20 19:53:21"
89,DigitalOcean,New York City,Infrastructure,200,0.1100,"2023-02-15",Post-IPO,United States,491.00,"2026-09-20 19:53:21"
90,Sprinklr,New York City,Support,100,0.0400,"2023-02-15",Post-IPO,United States,429.00,"2026-09-20 19:53:21"
91,Betterment,New York City,Finance,28,,"2023-02-15",Series F,United States,435.00,"2026-09-20 19:53:21"
92,Divvy Homes,SF Bay Area,Real Estate,,,"2023-02-15",Series B,United States,180.00,"2026-09-20 19:53:21"
93,Milkrun,Sydney,Food,,0.2000,"2023-02-15",Series A,Australia,86.00,"2026-09-20 19:53:21"
94,Momentive,SF Bay Area,Marketing,,0.1400,"2023-02-15",Post-IPO,United States,1100.00,"2026-09-20 19:53:21"
95,Observe.AI,SF Bay Area,Support,,,"2023-02-15",Series C,United States,214.00,"2026-09-20 19:53:21"
96,Religion of Sports,Los Angeles,Media,,,"2023-02-15",Series B,United States,63.00,"2026-09-20 19:53:21"
97,Tackle,Boise,Other,,0.1500,"2023-02-15",Series C,United States,148.00,"2026-09-20 19:53:21"
98,Vicarious Surgical,Boston,Healthcare,,0.1400,"2023-02-15",Post-IPO,United States,185.00,"2026-09-20 19:53:21"
99,CommerceHub,Albany,Retail,371,0.3100,"2023-02-14",Acquired,United States,,"2026-09-20 19:53:21"
100,HackerEarth,SF Bay Area,HR,,0.0800,"2023-02-14",Series B,United States,11.00,"2026-09-20 19:53:21"
101,PhableCare,Bengaluru,Healthcare,,0.7000,"2023-02-14",Series B,India,40.00,"2026-09-20 19:53:21"
102,Udemy,SF Bay Area,Education,,0.1000,"2023-02-14",Post-IPO,United States,311.00,"2026-09-20 19:53:21"
103,Twilio,SF Bay Area,Other,1500,0.1700,"2023-02-13",Post-IPO,United States.,614.00,"2026-09-20 19:53:21"
104,Electric,New York City,Other,141,0.2500,"2023-02-13",Series D,United States,212.00,"2026-09-20 19:53:21"
105,EMX Digital,New York City,Marketing,100,1.0000,"2023-02-13",Unknown,United States,,"2026-09-20 19:53:21"
106,PetLove,Sao Paulo,Retail,94,,"2023-02-13",Series C,Brazil,225.00,"2026-09-20 19:53:21"
107,iRobot,Boston,Consumer,85,0.0700,"2023-02-13",Acquired,United States,30.00,"2026-09-20 19:53:21"
108,Collective Health,SF Bay Area,Healthcare,54,,"2023-02-13",Series F,United States,719.00,"2026-09-20 19:53:21"
109,Magic Eden,SF Bay Area,Crypto,22,,"2023-02-13",Series B,United States,170.00,"2026-09-20 19:53:21"
110,Casavo,Milan,Real Estate,,0.3000,"2023-02-13",Unknown,Italy,708.00,"2026-09-20 19:53:21"
111,Foodpanda,Singapore,Food,,,"2023-02-13",Acquired,Singapore,749.00,"2026-09-20 19:53:21"
112,Getir,London,Food,,,"2023-02-13",Series E,United Kingdom,1800.00,"2026-09-20 19:53:21"
113,LinkedIn,SF Bay Area,HR,,,"2023-02-13",Acquired,United States,154.00,"2026-09-20 19:53:21"
114,Moladin,Jakarta,Transportation,360,0.1100,"2023-02-12",Series B,Indonesia,138.00,"2026-09-20 19:53:21"
115,TripleLift,New York City,Marketing,100,0.2000,"2023-02-10",Acquired,United States,16.00,"2026-09-20 19:53:21"
116,TikTok India,Mumbai,Consumer,40,,"2023-02-10",Acquired,India,9400.00,"2026-09-20 19:53:21"
117,Open Co,Sao Paulo,Finance,,,"2023-02-10",Series D,Brazil,140.00,"2026-09-20 19:53:21"
118,Rigetti Computing,SF Bay Area,Hardware,,0.2800,"2023-02-10",Post-IPO,United States,298.00,"2026-09-20 19:53:21"
120,Misfits Market,Philadelphia,Food,649,0.3300,"2023-02-09",Series C,United States,526.00,"2026-09-20 19:53:21"
121,Deliveroo,London,Food,350,0.0900,"2023-02-09",Post-IPO,United Kingdom,1700.00,"2026-09-20 19:53:21"
122,Olive AI,Columbus,Healthcare,215,0.3500,"2023-02-09",Series H,United States,856.00,"2026-09-20 19:53:21"
123,Oportun,SF Bay Area,Finance,155,0.1000,"2023-02-09",Post-IPO,United States,566.00,"2026-09-20 19:53:21"
124,GitLab,SF Bay Area,Product,130,0.0700,"2023-02-09",Post-IPO,United States,413.00,"2026-09-20 19:53:21"
125,Bark,New York City,Retail,126,0.1200,"2023-02-09",Post-IPO,United States,,"2026-09-20 19:53:21"
126,Nomad Health,New York City,Healthcare,119,0.1700,"2023-02-09",Unknown,United States,218.00,"2026-09-20 19:53:21"
127,Veriff,Tallinn,Security,66,0.1200,"2023-02-09",Series C,Estonia,192.00,"2026-09-20 19:53:21"
128,REE Automotive,Tel Aviv,Transportation,31,0.1100,"2023-02-09",Post-IPO,Israel,317.00,"2026-09-20 19:53:21"
129,GitHub,SF Bay Area,Product,,0.1000,"2023-02-09",Acquired,United States,350.00,"2026-09-20 19:53:21"
130,Quillt,St. Louis,Media,,,"2023-02-09",Unknown,United States,,"2026-09-20 19:53:21"
131,WeTrade,Bengaluru,Crypto,,1.0000,"2023-02-09",Unknown,India,,"2026-09-20 19:53:21"
132,GoDaddy,Phoenix,Marketing,530,0.0800,"2023-02-08",Post-IPO,United States,800.00,"2026-09-20 19:53:21"
133,Affirm,SF Bay Area,Finance,500,0.1900,"2023-02-08",Post-IPO,United States,1500.00,"2026-09-20 19:53:21"
134,Gusto,SF Bay Area,HR,126,0.0500,"2023-02-08",Series E,United States,746.00,"2026-09-20 19:53:21"
135,Gong,SF Bay Area,Sales,80,0.0700,"2023-02-08",Series E,United States,583.00,"2026-09-20 19:53:21"
136,Beam Benefits,Columbus,Healthcare,31,0.0800,"2023-02-08",Series E,United States,168.00,"2026-09-20 19:53:21"
137,Equitybee,SF Bay Area,Finance,24,0.2500,"2023-02-08",Series B,United States,85.00,"2026-09-20 19:53:21"
138,Baraja,Sydney,Transportation,,0.7500,"2023-02-08",Unknown,Australia,63.00,"2026-09-20 19:53:21"
139,Koho,Toronto,Finance,,0.1400,"2023-02-08",Series D,Canada,278.00,"2026-09-20 19:53:21"
140,Medly,New York City,Healthcare,,1.0000,"2023-02-08",Series C,United States,100.00,"2026-09-20 19:53:21"
141,Nearmap,Sydney,Construction,,0.2000,"2023-02-08",Acquired,Australia,15.00,"2026-09-20 19:53:21"
142,Zoom,SF Bay Area,Other,1300,0.1500,"2023-02-07",Post-IPO,United States,276.00,"2026-09-20 19:53:21"
143,eBay,SF Bay Area,Retail,500,0.0400,"2023-02-07",Post-IPO,United States,1200.00,"2026-09-20 19:53:21"
144,SecureWorks,Atlanta,Security,212,0.0900,"2023-02-07",Post-IPO,United States,83.00,"2026-09-20 19:53:21"
145,Salesloft,Atlanta,Sales,100,0.1000,"2023-02-07",Acquired,United States,245.00,"2026-09-20 19:53:21"
146,Openpay,Melbourne,Finance,83,1.0000,"2023-02-07",Post-IPO,Australia,299.00,"2026-09-20 19:53:21"
147,LearnUpon,Dublin,Education,27,0.0900,"2023-02-07",Private Equity,Ireland,56.00,"2026-09-20 19:53:21"
148,Sana Benefits,Austin,HR,,0.1900,"2023-02-07",Series B,United States,106.00,"2026-09-20 19:53:21"
149,Dell,Austin,Hardware,6650,0.0500,"2023-02-06",Post-IPO,United States,,"2026-09-20 19:53:21"
150,Loggi,Sao Paulo,Logistics,300,0.0700,"2023-02-06",Series F,Brazil,507.00,"2026-09-20 19:53:21"
151,Catch.com.au,Melbourne,Retail,100,,"2023-02-06",Acquired,Australia,80.00,"2026-09-20 19:53:21"
152,VinFast US,Los Angeles,Transportation,80,,"2023-02-06",Subsidiary,United States,,"2026-09-20 19:53:21"
153,Drift,Boston,Marketing,59,,"2023-02-06",Acquired,United States,107.00,"2026-09-20 19:53:21"
154,Pocket Aces,Mumbai,Media,50,0.2500,"2023-02-06",Unknown,India,19.00,"2026-09-20 19:53:21"
155,Clari,SF Bay Area,Sales,20,,"2023-02-06",Series F,United States,496.00,"2026-09-20 19:53:21"
156,C6 Bank,Sao Paulo,Finance,,,"2023-02-06",Unknown,Brazil,2300.00,"2026-09-20 19:53:21"
157,Daraz,Singapore,Retail,,0.1100,"2023-02-06",Unknown,Singapore,,"2026-09-20 19:53:21"
158,TenureX,Tel Aviv,Finance,,,"2023-02-06",Seed,Israel,6.00,"2026-09-20 19:53:21"
159,Kyruus,Boston,Healthcare,70,,"2023-02-05",Unknown,United States,183.00,"2026-09-20 19:53:21"
160,Lightico,Tel Aviv,Finance,20,0.2500,"2023-02-05",Series B,Israel,42.00,"2026-09-20 19:53:21"
161,FarEye,New Delhi,Logistics,90,,"2023-02-03",Series E,India,150.00,"2026-09-20 19:53:21"
162,Protocol Labs,SF Bay Area,Crypto,89,0.2000,"2023-02-03",Unknown,United States,10.00,"2026-09-20 19:53:21"
163,Finder,Sydney,Retail,,0.1500,"2023-02-03",Unknown,Australia,30.00,"2026-09-20 19:53:21"
164,Byju's,Bengaluru,Education,1500,,"2023-02-02",Private Equity,India,5500.00,"2026-09-20 19:53:21"
165,Okta,SF Bay Area,Security,300,0.0500,"2023-02-02",Post-IPO,United States,1200.00,"2026-09-20 19:53:21"
166,Autodesk,SF Bay Area,Other,250,0.0200,"2023-02-02",Post-IPO,United States,,"2026-09-20 19:53:21"
167,Mindstrong,SF Bay Area,Healthcare,127,,"2023-02-02",Series C,United States,160.00,"2026-09-20 19:53:21"
168,NCC Group,Manchester,Security,125,0.0700,"2023-02-02",Post-IPO,United Kingdom,,"2026-09-20 19:53:21"
169,Miro,SF Bay Area,Other,119,0.0700,"2023-02-02",Series C,United States,476.00,"2026-09-20 19:53:21"
170,Getir,New York City,Food,100,,"2023-02-02",Series E,United States,1800.00,"2026-09-20 19:53:21"
171,Highspot,Seattle,Sales,100,0.1000,"2023-02-02",Series F,United States,644.00,"2026-09-20 19:53:21"
172,Bittrex,Seattle,Crypto,80,,"2023-02-02",Unknown,United States,,"2026-09-20 19:53:21"
173,Snowplow,London,Data,40,,"2023-02-02",Series B,United States,55.00,"2026-09-20 19:53:21"
174,Articulate,New York City,Education,38,,"2023-02-02",Series A,United States,1500.00,"2026-09-20 19:53:21"
175,Desktop Metal,Boston,Other,,,"2023-02-02",Post-IPO,United States,811.00,"2026-09-20 19:53:21"
176,Getaround,SF Bay Area,Transportation,,0.1000,"2023-02-02",Post-IPO,United States,948.00,"2026-09-20 19:53:21"
177,NCSoft,Seoul,Consumer,,0.2000,"2023-02-02",Post-IPO,South Korea,240.00,"2026-09-20 19:53:21"
178,Talkdesk,SF Bay Area,Support,,,"2023-02-02",Series D,United States,497.00,"2026-09-20 19:53:21"
179,Splunk,SF Bay Area,Data,325,0.0400,"2023-02-01",Post-IPO,United States,2400.00,"2026-09-20 19:53:21"
180,Pinterest,SF Bay Area,Consumer,150,,"2023-02-01",Post-IPO,United States,1500.00,"2026-09-20 19:53:21"
181,DraftKings,Boston,Consumer,140,0.0400,"2023-02-01",Post-IPO,United States,719.00,"2026-09-20 19:53:21"
182,Cyren,Washington D.C.,Security,121,,"2023-02-01",Post-IPO,United States,161.00,"2026-09-20 19:53:21"
183,Workato,SF Bay Area,Other,90,0.1000,"2023-02-01",Series E,United States,415.00,"2026-09-20 19:53:21"
184,VerticalScope,Toronto,Media,60,0.2200,"2023-02-01",Post-IPO,Canada,,"2026-09-20 19:53:21"
185,Wheel,Austin,Healthcare,56,0.2800,"2023-02-01",Series C,United States,215.00,"2026-09-20 19:53:21"
186,Chainalysis,New York City,Crypto,44,0.0500,"2023-02-01",Series F,United States,536.00,"2026-09-20 19:53:21"
187,Appgate,Miami,Security,34,0.0800,"2023-02-01",Post-IPO,United States,,"2026-09-20 19:53:21"
188,Exterro,Portland,Legal,24,0.0300,"2023-02-01",Private Equity,United States,100.00,"2026-09-20 19:53:21"
189,TheSkimm,New York City,Media,17,0.1000,"2023-02-01",Series C,United States,28.00,"2026-09-20 19:53:21"
190,Ada,Toronto,Support,,,"2023-02-01",Series C,Canada,190.00,"2026-09-20 19:53:21"
191,Bustle Digital Group,New York City,Media,,0.0800,"2023-02-01",Series E,United States,80.00,"2026-09-20 19:53:21"
192,Frequency Therapeutics,Boston,Healthcare,,0.5000,"2023-02-01",Post-IPO,United States,76.00,"2026-09-20 19:53:21"
193,MariaDB,Helsinki,Data,,0.0800,"2023-02-01",Post-IPO,Finland,245.00,"2026-09-20 19:53:21"
194,Match Group,New York City,Consumer,,0.0800,"2023-02-01",Post-IPO,United States,,"2026-09-20 19:53:21"
195,Omnipresent,London,HR,,,"2023-02-01",Series B,United States,137.00,"2026-09-20 19:53:21"
196,Picnic,Seattle,Food,,,"2023-02-01",Unknown,United States,52.00,"2026-09-20 19:53:21"
197,Rivian,Detroit,Transportation,,0.0600,"2023-02-01",Post-IPO,United States,10700.00,"2026-09-20 19:53:21"
198,PayPal,SF Bay Area,Finance,2000,0.0700,"2023-01-31",Post-IPO,United States,216.00,"2026-09-20 19:53:21"
199,NetApp,SF Bay Area,Data,960,0.0800,"2023-01-31",Post-IPO,United States,,"2026-09-20 19:53:21"
200,Workday,SF Bay Area,HR,525,0.0300,"2023-01-31",Post-IPO,United States,230.00,"2026-09-20 19:53:21"
201,HubSpot,Boston,Marketing,500,0.0700,"2023-01-31",Post-IPO,United States,100.00,"2026-09-20 19:53:21"
202,Upstart,SF Bay Area,Finance,365,0.2000,"2023-01-31",Post-IPO,United States,144.00,"2026-09-20 19:53:21"
203,Software AG,Frankfurt,Data,200,0.0400,"2023-01-31",Post-IPO,Germany,344.00,"2026-09-20 19:53:21"
204,Wish,SF Bay Area,Retail,150,0.1700,"2023-01-31",Post-IPO,United States,1600.00,"2026-09-20 19:53:21"
205,Wefox,Berlin,Finance,100,,"2023-01-31",Series D,Germany,1300.00,"2026-09-20 19:53:21"
206,Tilting Point,New York City,Consumer,60,0.1400,"2023-01-31",Unknown,United States,235.00,"2026-09-20 19:53:21"
207,Gokada,Lagos,Transportation,54,,"2023-01-31",Unknown,Nigeria,12.00,"2026-09-20 19:53:21"
208,AU10TIX,Tel Aviv,Security,19,0.0900,"2023-01-31",Unknown,Israel,80.00,"2026-09-20 19:53:21"
209,National Instruments,Austin,Hardware,,0.0400,"2023-01-31",Post-IPO,United States,,"2026-09-20 19:53:21"
210,OpenText,Waterloo,Data,,0.0800,"2023-01-31",Post-IPO,Canada,1100.00,"2026-09-20 19:53:21"
211,Philips,Amsterdam,Healthcare,6000,0.1300,"2023-01-30",Post-IPO,Netherlands,,"2026-09-20 19:53:21"
212,OLX Group,Amsterdam,Marketing,1500,0.1500,"2023-01-30",Acquired,Netherlands,,"2026-09-20 19:53:21"
213,Arrival,London,Transportation,800,0.5000,"2023-01-30",Post-IPO,United Kingdom,629.00,"2026-09-20 19:53:21"
214,Groupon,Chicago,Retail,500,,"2023-01-30",Post-IPO,United States,1400.00,"2026-09-20 19:53:21"
215,Intel,SF Bay Area,Hardware,343,,"2023-01-30",Post-IPO,United States,12.00,"2026-09-20 19:53:21"
216,Glovo,Barcelona,Food,250,0.0600,"2023-01-30",Acquired,Spain,1200.00,"2026-09-20 19:53:21"
217,Delivery Hero,Berlin,Food,156,0.0400,"2023-01-30",Post-IPO,Germany,9900.00,"2026-09-20 19:53:21"
218,Impossible Foods copy,SF Bay Area,Food,140,0.2000,"2023-01-30",Series H,United States,1900.00,"2026-09-20 19:53:21"
219,Chrono24,Karlsruhe,Retail,65,0.1300,"2023-01-30",Series C,Germany,205.00,"2026-09-20 19:53:21"
220,BM Technologies,Philadelphia,Finance,,0.2500,"2023-01-30",Post-IPO,United States,,"2026-09-20 19:53:21"
221,Olist,Curitiba,Retail,,,"2023-01-30",Series E,Brazil,322.00,"2026-09-20 19:53:21"
222,Oyster,Charlotte,HR,,,"2023-01-30",Series C,United States,224.00,"2026-09-20 19:53:21"
223,Prime Trust,Las Vegas,Crypto,,0.3300,"2023-01-30",Series B,United States,176.00,"2026-09-20 19:53:21"
224,Quantum SI,New Haven,Healthcare,,0.1200,"2023-01-30",Post-IPO,United States,425.00,"2026-09-20 19:53:21"
225,SoFi,SF Bay Area,Finance,,,"2023-01-30",Post-IPO,United States,3000.00,"2026-09-20 19:53:21"
226,Hoxhunt,Helsinki,Security,,,"2023-01-29",Series B,Finland,43.00,"2026-09-20 19:53:21"
227,Me Poupe,Sao Paulo,Finance,60,0.5000,"2023-01-28",Unknown,Brazil,,"2026-09-20 19:53:21"
228,CoinTracker,SF Bay Area,Crypto,19,,"2023-01-28",Series A,United States,101.00,"2026-09-20 19:53:21"
229,SSense,Montreal,Retail,138,0.0700,"2023-01-27",Series A,Canada,,"2026-09-20 19:53:21"
230,DealShare,Bengaluru,Retail,100,0.0600,"2023-01-27",Series E,India,390.00,"2026-09-20 19:53:21"
231,Ruggable,Los Angeles,Retail,100,,"2023-01-27",Seed,United States,,"2026-09-20 19:53:21"
232,Synopsys,SF Bay Area,Other,100,,"2023-01-27",Post-IPO,United States,,"2026-09-20 19:53:21"
233,Heycar,Berlin,Transportation,73,,"2023-01-27",Unknown,Germany,,"2026-09-20 19:53:21"
234,Matrixport,Singapore,Crypto,29,0.1000,"2023-01-27",Series C,Singapore,100.00,"2026-09-20 19:53:21"
235,Shakepay,Montreal,Crypto,21,0.2500,"2023-01-27",Series A,Canada,45.00,"2026-09-20 19:53:21"
236,#Paid,Toronto,Marketing,19,0.1700,"2023-01-27",Series B,Canada,21.00,"2026-09-20 19:53:21"
237,Decent,SF Bay Area,Healthcare,,,"2023-01-27",Series A,United States,18.00,"2026-09-20 19:53:21"
238,Feedzai,Coimbra,Finance,,,"2023-01-27",Unknown,Portugal,273.00,"2026-09-20 19:53:21"
239,Nate,New York City,Retail,,,"2023-01-27",Series A,United States,47.00,"2026-09-20 19:53:21"
240,SAP,Walldorf,Other,3000,0.0300,"2023-01-26",Post-IPO,Germany,1300.00,"2026-09-20 19:53:21"
241,Confluent,SF Bay Area,Data,221,0.0800,"2023-01-26",Post-IPO,United States,455.00,"2026-09-20 19:53:21"
242,DriveWealth,Jersey City,Finance,,0.2000,"2023-01-26",Series D,United States,550.00,"2026-09-20 19:53:21"
243,Mode Global,London,Finance,,1.0000,"2023-01-26",Post-IPO,United Kingdom,,"2026-09-20 19:53:21"
244,Plus One Robotics,San Antonio,Other,,0.1000,"2023-01-26",Series B,United States,43.00,"2026-09-20 19:53:21"
245,Quora,SF Bay Area,Consumer,,,"2023-01-26",Series D,United States,226.00,"2026-09-20 19:53:21"
246,IBM,New York City,Hardware,3900,0.0200,"2023-01-25",Post-IPO,United States,,"2026-09-20 19:53:21"
247,Lam Research,SF Bay Area,Hardware,1300,0.0700,"2023-01-25",Post-IPO,United States,,"2026-09-20 19:53:21"
248,Shutterfly,SF Bay Area,Retail,360,,"2023-01-25",Acquired,United States,50.00,"2026-09-20 19:53:21"
249,Luno,London,Crypto,330,0.3500,"2023-01-25",Acquired,United Kingdom,13.00,"2026-09-20 19:53:21"
250,Clear Capital,Reno,Real Estate,250,0.2500,"2023-01-25",Unknown,United States,,"2026-09-20 19:53:21"
251,Guardant Health,SF Bay Area,Healthcare,130,0.0700,"2023-01-25",Post-IPO,United States,550.00,"2026-09-20 19:53:21"
252,SirionLabs,Seattle,Legal,130,0.1500,"2023-01-25",Series D,United States,171.00,"2026-09-20 19:53:21"
253,Tier Mobility,Berlin,Transportation,80,0.0700,"2023-01-25",Series D,Germany,646.00,"2026-09-20 19:53:21"
254,CareRev,Los Angeles,Retail,,,"2023-01-25",Series A,United States,51.00,"2026-09-20 19:53:21"
255,Finastra,Tel Aviv,Finance,,,"2023-01-25",Unknown,Israel,,"2026-09-20 19:53:21"
256,Noom,New York City,Fitness,,,"2023-01-25",Series F,United States,657.00,"2026-09-20 19:53:21"
257,PagSeguro,Sao Paulo,Finance,,0.0700,"2023-01-25",Post-IPO,Brazil,,"2026-09-20 19:53:21"
258,Prosus,Amsterdam,Other,,0.3000,"2023-01-25",Unknown,Netherlands,,"2026-09-20 19:53:21"
259,Vacasa,Portland,Travel,1300,0.1700,"2023-01-24",Post-IPO,United States,834.00,"2026-09-20 19:53:21"
260,Innovaccer,SF Bay Area,Healthcare,245,0.1500,"2023-01-24",Series E,United States,379.00,"2026-09-20 19:53:21"
261,Bolt,SF Bay Area,Finance,50,0.1000,"2023-01-24",Series E,United States,1300.00,"2026-09-20 19:53:21"
262,PartnerStack,Toronto,Sales,40,0.2000,"2023-01-24",Series B,Canada,36.00,"2026-09-20 19:53:21"
263,Gitpod,Kiel,Product,21,0.2800,"2023-01-24",Series A,Germany,41.00,"2026-09-20 19:53:21"
264,OFFOR Health,Columbus,Healthcare,16,,"2023-01-24",Series A,United States,14.00,"2026-09-20 19:53:21"
265,Venngage,Toronto,Marketing,11,0.2000,"2023-01-24",Unknown,Canada,,"2026-09-20 19:53:21"
266,CoachHub,Berlin,HR,,0.1000,"2023-01-24",Series C,Germany,332.00,"2026-09-20 19:53:21"
267,Corvus Insurance,Boston,Finance,,0.1400,"2023-01-24",Series C,United States,160.00,"2026-09-20 19:53:21"
268,Icon,Austin,Construction,,,"2023-01-24",Series B,United States,451.00,"2026-09-20 19:53:21"
269,PagerDuty,SF Bay Area,Product,,0.0700,"2023-01-24",Post-IPO,United States,173.00,"2026-09-20 19:53:21"
270,Scoro,London,HR,,0.0900,"2023-01-24",Series B,United Kingdom,23.00,"2026-09-20 19:53:21"
271,Spotify,Stockholm,Media,600,0.0600,"2023-01-23",Post-IPO,Sweden,2100.00,"2026-09-20 19:53:21"
272,Uber Freight,SF Bay Area,Logistics,150,0.0300,"2023-01-23",Subsidiary,United States,2700.00,"2026-09-20 19:53:21"
273,Inmobi,Bengaluru,Marketing,50,,"2023-01-23",Unknown,India,320.00,"2026-09-20 19:53:21"
274,Innovid,New York City,Marketing,40,0.1000,"2023-01-23",Post-IPO,United States,295.00,"2026-09-20 19:53:21"
275,Booktopia,Sydney,Retail,30,,"2023-01-23",Series A,Australia,23.00,"2026-09-20 19:53:21"
276,Ermetic,SF Bay Area,Security,30,0.1700,"2023-01-23",Series B,United States,97.00,"2026-09-20 19:53:21"
277,Namogoo,Tel Aviv,Marketing,20,0.1500,"2023-01-23",Series C,United States,69.00,"2026-09-20 19:53:21"
278,Camp K12,Gurugram,Education,,0.7000,"2023-01-23",Series A,India,16.00,"2026-09-20 19:53:21"
279,Gemini,New York City,Crypto,,0.1000,"2023-01-23",Unknown,United States,423.00,"2026-09-20 19:53:21"
280,Yext,New York City,Marketing,,0.0800,"2023-01-23",Post-IPO,United States,117.00,"2026-09-20 19:53:21"
281,BUX,Amsterdam,Finance,,,"2023-01-22",Series C,Netherlands,115.00,"2026-09-20 19:53:21"
282,Google,SF Bay Area,Consumer,12000,0.0600,"2023-01-20",Post-IPO,United States,26.00,"2026-09-20 19:53:21"
283,Wayfair,Boston,Retail,1750,0.1000,"2023-01-20",Post-IPO,United States,1700.00,"2026-09-20 19:53:21"
284,Swiggy,Bengaluru,Food,380,0.0600,"2023-01-20",Unknown,India,3600.00,"2026-09-20 19:53:21"
285,MediBuddy,Bengaluru,Healthcare,200,,"2023-01-20",Acquired,India,192.00,"2026-09-20 19:53:21"
286,Vox Media,Washington D.C.,Media,130,0.0700,"2023-01-20",Series F,United States,307.00,"2026-09-20 19:53:21"
287,BitTorrent,SF Bay Area,Infrastructure,92,,"2023-01-20",Acquired,United States,,"2026-09-20 19:53:21"
288,Karat,Seattle,HR,47,,"2023-01-20",Unknown,United States,169.00,"2026-09-20 19:53:21"
289,Enjoei,Sao Paulo,Retail,31,0.1000,"2023-01-20",Unknown,Brazil,14.00,"2026-09-20 19:53:21"
290,Edifecs,Seattle,Healthcare,30,,"2023-01-20",Unknown,United States,1.00,"2026-09-20 19:53:21"
291,Citrine Informatics,SF Bay Area,Data,22,0.2700,"2023-01-20",Series C,United States,64.00,"2026-09-20 19:53:21"
292,Avalara,Seattle,Finance,,,"2023-01-20",Acquired,United States,341.00,"2026-09-20 19:53:21"
293,Cyteir Therapeutics,Boston,Healthcare,,0.7000,"2023-01-20",Series C,United States,156.00,"2026-09-20 19:53:21"
294,Morning Consult,Washington D.C.,Data,,,"2023-01-20",Series B,United States,91.00,"2026-09-20 19:53:21"
295,TikTok,Los Angeles,Consumer,,,"2023-01-20",Acquired,United States,,"2026-09-20 19:53:21"
296,Zappos,Las Vegas,Retail,,,"2023-01-20",Acquired,United States,62.00,"2026-09-20 19:53:21"
297,Capital One,Washington D.C.,Finance,1100,,"2023-01-19",Post-IPO,United States,,"2026-09-20 19:53:21"
298,Proterra,SF Bay Area,Transportation,300,,"2023-01-19",Post-IPO,United States,1200.00,"2026-09-20 19:53:21"
299,WeWork,New York City,Real Estate,300,,"2023-01-19",Post-IPO,United States,22200.00,"2026-09-20 19:53:21"
300,Hubilo,SF Bay Area,Other,115,0.3500,"2023-01-19",Series B,United States,153.00,"2026-09-20 19:53:21"
301,Saks.com,New York City,Retail,100,0.0500,"2023-01-19",Unknown,United States,965.00,"2026-09-20 19:53:21"
302,CS Disco,Austin,Legal,62,0.0900,"2023-01-19",Post-IPO,United States,233.00,"2026-09-20 19:53:21"
303,Riot Games,Los Angeles,Consumer,46,,"2023-01-19",Acquired,United States,21.00,"2026-09-20 19:53:21"
304,Hydrow,Boston,Fitness,30,,"2023-01-19",Series D,United States,269.00,"2026-09-20 19:53:21"
305,Earth Rides,Nashville,Transportation,,1.0000,"2023-01-19",Unknown,United States,2.00,"2026-09-20 19:53:21"
306,Fandom,SF Bay Area,Media,,,"2023-01-19",Series E,United States,145.00,"2026-09-20 19:53:21"
307,IAM Robotics,Pittsburgh,Hardware,,,"2023-01-19",Unknown,United States,21.00,"2026-09-20 19:53:21"
308,Icertis,Seattle,Legal,,,"2023-01-19",Unknown,United States,521.00,"2026-09-20 19:53:21"
309,Magnite,Los Angeles,Marketing,,0.0600,"2023-01-19",Post-IPO,United States,400.00,"2026-09-20 19:53:21"
310,Mudafy,Mexico City,Real Estate,,0.7000,"2023-01-19",Series A,United States,13.00,"2026-09-20 19:53:21"
311,Personalis,SF Bay Area,Healthcare,,0.3000,"2023-01-19",Post-IPO,United States,225.00,"2026-09-20 19:53:21"
312,Prisma,SF Bay Area,Data,,0.2800,"2023-01-19",Series B,United States,56.00,"2026-09-20 19:53:21"
313,Spaceship,Sydney,Finance,,,"2023-01-19",Series A,Australia,41.00,"2026-09-20 19:53:21"
314,Wallbox,Barcelona,Energy,,0.1500,"2023-01-19",Post-IPO,Spain,167.00,"2026-09-20 19:53:21"
315,Microsoft,Seattle,Other,10000,0.0500,"2023-01-18",Post-IPO,United States,1.00,"2026-09-20 19:53:21"
316,Sophos,Oxford,Security,450,0.1000,"2023-01-18",Acquired,United States,125.00,"2026-09-20 19:53:21"
317,Teladoc Health,New York City,Healthcare,300,0.0600,"2023-01-18",Post-IPO,United States,172.00,"2026-09-20 19:53:21"
318,Vroom,New York City,Transportation,275,0.2000,"2023-01-18",Post-IPO,United States,1300.00,"2026-09-20 19:53:21"
319,"8x8",SF Bay Area,Support,155,0.0700,"2023-01-18",Post-IPO,United States,253.00,"2026-09-20 19:53:21"
320,Pagaya,New York City,Finance,140,0.2000,"2023-01-18",Post-IPO,United States,571.00,"2026-09-20 19:53:21"
321,Benevity,Calgary,Other,137,0.1400,"2023-01-18",Unknown,Canada,69.00,"2026-09-20 19:53:21"
322,Inspirato,Denver,Travel,109,0.1200,"2023-01-18",Post-IPO,United States,179.00,"2026-09-20 19:53:21"
323,Jumpcloud,Boulder,Security,100,0.1200,"2023-01-18",Series F,United States,416.00,"2026-09-20 19:53:21"
324,nCino,Wilmington,Finance,100,0.0700,"2023-01-18",Post-IPO,United States,1100.00,"2026-09-20 19:53:21"
325,Starry,Boston,Other,100,0.2400,"2023-01-18",Post-IPO,United States,260.00,"2026-09-20 19:53:21"
326,Hootsuite,Vancouver,Marketing,70,0.0700,"2023-01-18",Series C,Canada,300.00,"2026-09-20 19:53:21"
327,Clue,Berlin,Healthcare,31,0.3100,"2023-01-18",Unknown,Germany,47.00,"2026-09-20 19:53:21"
328,Addepar,SF Bay Area,Finance,20,0.0300,"2023-01-18",Series F,United States,491.00,"2026-09-20 19:53:21"
329,"80 Acres Farms",Cincinnati,Food,,0.1000,"2023-01-18",Unknown,United States,275.00,"2026-09-20 19:53:21"
330,Aiven,Helsinki,Infrastructure,,0.2000,"2023-01-18",Series D,Finland,420.00,"2026-09-20 19:53:21"
331,Bally's Interactive,Providence,Unknown,,0.1500,"2023-01-18",Post-IPO,United States,946.00,"2026-09-20 19:53:21"
332,Betterfly,Santiago,Healthcare,,0.3000,"2023-01-18",Series C,Chile,204.00,"2026-09-20 19:53:21"
333,Cazoo,London,Transportation,,,"2023-01-18",Post-IPO,United Kingdom,2000.00,"2026-09-20 19:53:21"
334,Coda,SF Bay Area,Other,,,"2023-01-18",Series D,United States,240.00,"2026-09-20 19:53:21"
335,Cypress.io,Atlanta,Product,,,"2023-01-18",Series B,United States,54.00,"2026-09-20 19:53:21"
336,Lucid Diagnostics,New York City,Healthcare,,0.2000,"2023-01-18",Post-IPO,United States,,"2026-09-20 19:53:21"
337,Mavenir,Dallas,Infrastructure,,,"2023-01-18",Acquired,United States,854.00,"2026-09-20 19:53:21"
338,Redbubble,Melbourne,Retail,,0.1400,"2023-01-18",Post-IPO,Australia,55.00,"2026-09-20 19:53:21"
339,Lightspeed Commerce,Montreal,Retail,300,0.1000,"2023-01-17",Post-IPO,Canada,1200.00,"2026-09-20 19:53:21"
340,Unity,SF Bay Area,Other,284,0.0300,"2023-01-17",Post-IPO,United States,1300.00,"2026-09-20 19:53:21"
341,Britishvolt,London,Transportation,206,1.0000,"2023-01-17",Unknown,United Kingdom,2400.00,"2026-09-20 19:53:21"
342,Clutch,Toronto,Transportation,150,,"2023-01-17",Unknown,Canada,253.00,"2026-09-20 19:53:21"
343,Exotel,Bengaluru,Support,142,0.1500,"2023-01-17",Series D,India,87.00,"2026-09-20 19:53:21"
344,Unico,Sao Paulo,Other,110,0.1000,"2023-01-17",Series D,Brazil,336.00,"2026-09-20 19:53:21"
345,Tul,Bogota,Construction,100,,"2023-01-17",Series B,Colombia,218.00,"2026-09-20 19:53:21"
346,American Robotics,Boston,Other,50,0.6500,"2023-01-17",Acquired,United States,92.00,"2026-09-20 19:53:21"
347,Luxury Presence,Los Angeles,Real Estate,44,,"2023-01-17",Series B,United States,31.00,"2026-09-20 19:53:21"
348,RingCentral,SF Bay Area,Other,30,,"2023-01-17",Post-IPO,United States,44.00,"2026-09-20 19:53:21"
349,Fishbrain,Stockholm,Consumer,,,"2023-01-17",Unknown,United States,59.00,"2026-09-20 19:53:21"
350,GoMechanic,Gurugram,Transportation,,0.7000,"2023-01-17",Series C,India,54.00,"2026-09-20 19:53:21"
351,LiveVox,SF Bay Area,Support,,0.1600,"2023-01-17",Post-IPO,United States,12.00,"2026-09-20 19:53:21"
352,Oracle,SF Bay Area,Other,,,"2023-01-17",Post-IPO,United States,,"2026-09-20 19:53:21"
353,Rappi,Buenos Aires,Food,,,"2023-01-17",Unknown,Argentina,2300.00,"2026-09-20 19:53:21"
354,RateGenius,Austin,Finance,,,"2023-01-17",Acquired,United States,2.00,"2026-09-20 19:53:21"
355,XP,Sao Paulo,Finance,,,"2023-01-17",Post-IPO,Brazil,,"2026-09-20 19:53:21"
356,PagBank,Sao Paulo,Finance,500,0.0700,"2023-01-16",Post-IPO,Brazil,,"2026-09-20 19:53:21"
357,ShareChat,Bengaluru,Consumer,500,0.2000,"2023-01-16",Series H,India,1700.00,"2026-09-20 19:53:21"
358,Gramophone,Indore,Food,75,,"2023-01-16",Series B,India,17.00,"2026-09-20 19:53:21"
359,ClearCo,Toronto,Finance,50,0.3000,"2023-01-16",Series C,Canada,698.00,"2026-09-20 19:53:21"
360,Dunzo,Bengaluru,Food,,0.0300,"2023-01-16",Unknown,India,382.00,"2026-09-20 19:53:21"
361,Ignition,Sydney,Finance,,0.1000,"2023-01-16",Series C,Australia,74.00,"2026-09-20 19:53:21"
362,Rebel Foods,Mumbai,Food,,0.0200,"2023-01-16",Unknown,India,548.00,"2026-09-20 19:53:21"
363,Captain Fresh,Bengaluru,Food,120,,"2023-01-15",Series C,India,126.00,"2026-09-20 19:53:21"
364,Snappy,New York City,Marketing,100,0.3000,"2023-01-15",Series C,United States,104.00,"2026-09-20 19:53:21"
365,BharatAgri,Mumbai,Food,40,0.4300,"2023-01-15",Series A,India,21.00,"2026-09-20 19:53:21"
366,DeHaat,Patna,Food,,0.0500,"2023-01-15",Series E,India,254.00,"2026-09-20 19:53:21"
367,Black Shark,Shenzen,Hardware,900,,"2023-01-13",Unknown,China,,"2026-09-20 19:53:21"
368,Ola,Bengaluru,Transportation,200,,"2023-01-13",Series J,India,5000.00,"2026-09-20 19:53:21"
369,Bonterra,Austin,Other,140,0.1000,"2023-01-13",Unknown,United States,,"2026-09-20 19:53:21"
370,Vial,SF Bay Area,Healthcare,40,,"2023-01-13",Series B,United States,101.00,"2026-09-20 19:53:21"
371,Arch Oncology,Brisbane,Healthcare,,1.0000,"2023-01-13",Series C,United States,155.00,"2026-09-20 19:53:21"
372,Carvana,Phoenix,Transportation,,,"2023-01-13",Post-IPO,United States,1600.00,"2026-09-20 19:53:21"
373,CoSchedule,Bismarck,Marketing,,,"2023-01-13",Unknown,United States,2.00,"2026-09-20 19:53:21"
374,GoCanvas,Washington D.C.,Other,,,"2023-01-13",Acquired,United States,21.00,"2026-09-20 19:53:21"
375,Jellyfish,Boston,Product,,0.0900,"2023-01-13",Series C,United States,114.00,"2026-09-20 19:53:21"
376,Lending Club,SF Bay Area,Finance,225,0.1400,"2023-01-12",Post-IPO,United States,392.00,"2026-09-20 19:53:21"
377,SmartNews,Tokyo,Media,120,0.4000,"2023-01-12",Series F,United States,410.00,"2026-09-20 19:53:21"
378,Skit.ai,Bengaluru,Support,115,,"2023-01-12",Series B,India,28.00,"2026-09-20 19:53:21"
379,Pier,Sao Paulo,Finance,111,0.3900,"2023-01-12",Series B,Brazil,42.00,"2026-09-20 19:53:21"
380,Blockchain.com,London,Crypto,110,0.2800,"2023-01-12",Series D,United Kingdom,490.00,"2026-09-20 19:53:21"
381,Greenlight,Atlanta,Finance,104,0.2100,"2023-01-12",Series D,United States,556.00,"2026-09-20 19:53:21"
382,Cashfree Payments,Bengaluru,Finance,100,,"2023-01-12",Series B,India,41.00,"2026-09-20 19:53:21"
383,Mapbox,Washington D.C.,Data,64,,"2023-01-12",Unknown,United States,334.00,"2026-09-20 19:53:21"
384,Definitive Healthcare,Boston,Healthcare,55,0.0600,"2023-01-12",Post-IPO,United States,,"2026-09-20 19:53:21"
385,Akili Labs,Baltimore,Healthcare,46,0.3000,"2023-01-12",Seed,United States,,"2026-09-20 19:53:21"
386,Career Karma,SF Bay Area,Education,22,,"2023-01-12",Series B,United States,51.00,"2026-09-20 19:53:21"
387,Crypto.com,Singapore,Crypto,,0.2000,"2023-01-12",Unknown,United States,,"2026-09-20 19:53:21"
388,Lattice,SF Bay Area,HR,,0.1500,"2023-01-12",Series F,United States,328.00,"2026-09-20 19:53:21"
389,Life360,SF Bay Area,Consumer,,0.1400,"2023-01-12",Post-IPO,United States,158.00,"2026-09-20 19:53:21"
390,Rock Content,Miami,Marketing,,0.1500,"2023-01-12",Series B,United States,34.00,"2026-09-20 19:53:21"
391,Flexport,SF Bay Area,Logistics,640,0.2000,"2023-01-11",Series E,United States,2400.00,"2026-09-20 19:53:21"
392,Qualtrics,Salt Lake City,Other,270,0.0500,"2023-01-11",Post-IPO,United States,400.00,"2026-09-20 19:53:21"
393,Verily,SF Bay Area,Healthcare,250,0.1500,"2023-01-11",Unknown,United States,3500.00,"2026-09-20 19:53:21"
394,Tipalti,SF Bay Area,Finance,123,0.1100,"2023-01-11",Series F,United States,565.00,"2026-09-20 19:53:21"
395,Jumio,SF Bay Area,Security,100,0.0600,"2023-01-11",Private Equity,United States,205.00,"2026-09-20 19:53:21"
396,CoinDCX,Mumbai,Crypto,80,,"2023-01-11",Series D,India,244.00,"2026-09-20 19:53:21"
397,HashiCorp,SF Bay Area,Security,69,,"2023-01-11",Post-IPO,United States,349.00,"2026-09-20 19:53:21"
398,Embark,Boston,Healthcare,41,,"2023-01-11",Series B,United States,94.00,"2026-09-20 19:53:21"
399,Intrinsic,SF Bay Area,Other,40,0.2000,"2023-01-11",Acquired,United States,,"2026-09-20 19:53:21"
400,Citizen,New York City,Consumer,33,,"2023-01-11",Series C,United States,133.00,"2026-09-20 19:53:21"
401,Carta,SF Bay Area,HR,,0.1000,"2023-01-11",Series G,United States,1100.00,"2026-09-20 19:53:21"
402,Limeade,Seattle,HR,,0.1500,"2023-01-11",Series C,United States,33.00,"2026-09-20 19:53:21"
403,Oyster,Charlotte,HR,,,"2023-01-11",Series C,United States,224.00,"2026-09-20 19:53:21"
404,Paddle,London,Finance,,0.0800,"2023-01-11",Series D,United Kingdom,293.00,"2026-09-20 19:53:21"
405,Coinbase,SF Bay Area,Crypto,950,0.2000,"2023-01-10",Post-IPO,United States,549.00,"2026-09-20 19:53:21"
406,Informatica,SF Bay Area,Data,450,0.0700,"2023-01-10",Post-IPO,United States,,"2026-09-20 19:53:21"
407,Blend,SF Bay Area,Finance,340,0.2800,"2023-01-10",Post-IPO,United States,665.00,"2026-09-20 19:53:21"
408,Till Payments,Sydney,Finance,120,,"2023-01-10",Series C,Australia,95.00,"2026-09-20 19:53:21"
409,ConsenSys,New York City,Crypto,100,0.1100,"2023-01-10",Series D,United States,726.00,"2026-09-20 19:53:21"
410,ForeScout,SF Bay Area,Security,100,0.1000,"2023-01-10",Post-IPO,United States,125.00,"2026-09-20 19:53:21"
411,Thinkific,Vancouver,Education,76,0.1900,"2023-01-10",Post-IPO,Canada,22.00,"2026-09-20 19:53:21"
412,LEAD,Mumbai,Education,60,,"2023-01-10",Series E,India,190.00,"2026-09-20 19:53:21"
413,Parler,Nashville,Consumer,60,0.7500,"2023-01-10",Series B,United States,36.00,"2026-09-20 19:53:21"
414,GoBolt,Toronto,Logistics,55,0.0500,"2023-01-10",Series C,Canada,178.00,"2026-09-20 19:53:21"
415,Relevel,Bengaluru,HR,40,0.2000,"2023-01-10",Unknown,India,,"2026-09-20 19:53:21"
416,StreamElements,Tel Aviv,Media,40,0.2000,"2023-01-10",Series B,Israel,111.00,"2026-09-20 19:53:21"
417,"100 Thieves",Los Angeles,Retail,,,"2023-01-10",Series C,United States,120.00,"2026-09-20 19:53:21"
418,Beamery,London,HR,,0.1200,"2023-01-10",Series D,United States,223.00,"2026-09-20 19:53:21"
419,Cart.com,Austin,Retail,,,"2023-01-10",Unknown,United States,383.00,"2026-09-20 19:53:21"
420,Citrix,Miami,Infrastructure,,0.1500,"2023-01-10",Acquired,United States,20.00,"2026-09-20 19:53:21"
421,Esper,Seattle,Other,,0.2100,"2023-01-10",Series A,United States,10.00,"2026-09-20 19:53:21"
422,WHOOP,Boston,Fitness,,0.0400,"2023-01-10",Series F,United States,404.00,"2026-09-20 19:53:21"
423,Fate Therapeutics,San Diego,Healthcare,315,0.5700,"2023-01-09",Post-IPO,United States,1200.00,"2026-09-20 19:53:21"
424,Century Therapeutics,Philadelphia,Healthcare,,,"2023-01-09",Post-IPO,United States,560.00,"2026-09-20 19:53:21"
425,Editas Medicine,Boston,Healthcare,,0.2000,"2023-01-09",Post-IPO,United States,656.00,"2026-09-20 19:53:21"
426,Scale AI,SF Bay Area,Data,,0.2000,"2023-01-09",Series E,United States,602.00,"2026-09-20 19:53:21"
427,Minute Media,London,Media,50,0.1000,"2023-01-08",Series I,United Kingdom,160.00,"2026-09-20 19:53:21"
428,WalkMe,SF Bay Area,Other,43,0.0300,"2023-01-08",Post-IPO,United States,307.00,"2026-09-20 19:53:21"
429,Huobi,Beijing,Crypto,275,0.2000,"2023-01-06",Unknown,China,2.00,"2026-09-20 19:53:21"
430,Carbon Health,SF Bay Area,Healthcare,200,,"2023-01-06",Series D,United States,522.00,"2026-09-20 19:53:21"
431,Bounce,Bengaluru,Transportation,40,0.0500,"2023-01-06",Series D,India,214.00,"2026-09-20 19:53:21"
432,Aware,Columbus,Security,,,"2023-01-06",Series C,United States,88.00,"2026-09-20 19:53:21"
433,CareerArc,Los Angeles,HR,,,"2023-01-06",Private Equity,United States,30.00,"2026-09-20 19:53:21"
434,CreateMe,SF Bay Area,Manufacturing,,,"2023-01-06",Unknown,United States,,"2026-09-20 19:53:21"
435,Lantern,Grand Rapids,Retail,,1.0000,"2023-01-06",Seed,United States,40.00,"2026-09-20 19:53:21"
436,Mojo Vision,SF Bay Area,Hardware,,0.7500,"2023-01-06",Series B,United States,204.00,"2026-09-20 19:53:21"
437,SuperRare,Wilmington,Crypto,,0.3000,"2023-01-06",Series A,United States,9.00,"2026-09-20 19:53:21"
438,Cue,San Diego,Healthcare,388,,"2023-01-05",Post-IPO,United States,999.00,"2026-09-20 19:53:21"
439,SoundHound,SF Bay Area,Other,200,0.5000,"2023-01-05",Post-IPO,United States,326.00,"2026-09-20 19:53:21"
440,Socure,Reno,Finance,104,0.1900,"2023-01-05",Series E,United States,646.00,"2026-09-20 19:53:21"
441,Genesis,New York City,Crypto,60,0.3000,"2023-01-05",Series A,United States,,"2026-09-20 19:53:21"
442,Moglix,Singapore,Retail,40,0.0200,"2023-01-05",Series F,Singapore,472.00,"2026-09-20 19:53:21"
443,Twitter,SF Bay Area,Consumer,40,,"2023-01-05",Post-IPO,United States,12900.00,"2026-09-20 19:53:21"
444,Everlane,SF Bay Area,Retail,30,0.1700,"2023-01-05",Unknown,United States,176.00,"2026-09-20 19:53:21"
445,Pecan AI,Tel Aviv,Data,30,0.2500,"2023-01-05",Series C,Israel,116.00,"2026-09-20 19:53:21"
446,Personetics,New York City,Support,30,0.0800,"2023-01-05",Private Equity,United States,178.00,"2026-09-20 19:53:21"
447,Twine Solutions,Tel Aviv,Hardware,30,0.3300,"2023-01-05",Unknown,Israel,50.00,"2026-09-20 19:53:21"
448,UpScalio,Gurugram,Retail,25,0.1500,"2023-01-05",Series B,India,62.00,"2026-09-20 19:53:21"
449,Attentive,New York City,Marketing,,0.1500,"2023-01-05",Series E,United States,863.00,"2026-09-20 19:53:21"
450,Compass,New York City,Real Estate,,,"2023-01-05",Post-IPO,United States,1600.00,"2026-09-20 19:53:21"
451,Megaport,Brisbane,Infrastructure,,,"2023-01-05",Post-IPO,Australia,98.00,"2026-09-20 19:53:21"
452,Stitch Fix,SF Bay Area,Retail,,0.2000,"2023-01-05",Post-IPO,United States,79.00,"2026-09-20 19:53:21"
453,TCR2,Boston,Healthcare,,0.4000,"2023-01-05",Post-IPO,United States,173.00,"2026-09-20 19:53:21"
454,Amazon,Seattle,Retail,8000,0.0200,"2023-01-04",Post-IPO,United States,108.00,"2026-09-20 19:53:21"
455,Salesforce,SF Bay Area,Sales,8000,0.1000,"2023-01-04",Post-IPO,United States,65.00,"2026-09-20 19:53:21"
456,Astronomer,Cincinnati,Data,76,0.2000,"2023-01-04",Series C,United States,282.00,"2026-09-20 19:53:21"
457,Kaltura,New York City,Media,75,0.1100,"2023-01-04",Post-IPO,United States,166.00,"2026-09-20 19:53:21"
458,Augury,New York City,Manufacturing,20,0.0500,"2023-01-04",Series E,United States,274.00,"2026-09-20 19:53:21"
459,Butterfly Network,Boston,Healthcare,,0.2500,"2023-01-04",Post-IPO,United States,530.00,"2026-09-20 19:53:21"
460,Vimeo,New York City,Consumer,,0.1100,"2023-01-04",Post-IPO,United States,450.00,"2026-09-20 19:53:21"
461,Wyre,SF Bay Area,Crypto,,1.0000,"2023-01-04",Unknown,United States,29.00,"2026-09-20 19:53:21"
462,Pegasystems,Boston,HR,245,0.0400,"2023-01-03",Post-IPO,United States,,"2026-09-20 19:53:21"
463,Uniphore,SF Bay Area,Support,76,0.1000,"2023-01-03",Series E,United States,620.00,"2026-09-20 19:53:21"
464,Harappa,New Delhi,Education,60,0.3000,"2023-01-03",Acquired,India,,"2026-09-20 19:53:21"
465,ByteDance,Shanghai,Consumer,,0.1000,"2023-01-03",Unknown,China,9400.00,"2026-09-20 19:53:21"
466,Amdocs,St. Louis,Support,700,0.0300,"2023-01-02",Post-IPO,United States,,"2026-09-20 19:53:21"
467,Bilibili,Shanghai,Media,,0.3000,"2022-12-27",Post-IPO,China,3700.00,"2026-09-20 19:53:21"
468,Octopus Network,Beau Vallon,Crypto,,0.4000,"2022-12-27",Series A,Seychelles,8.00,"2026-09-20 19:53:21"
469,PayU,Amsterdam,Finance,150,0.0600,"2022-12-26",Acquired,Netherlands,,"2026-09-20 19:53:21"
470,Element,London,Other,,0.1500,"2022-12-25",Series B,United Kingdom,96.00,"2026-09-20 19:53:21"
471,Willow,Sydney,Real Estate,99,0.2200,"2022-12-23",Unknown,Australia,,"2026-09-20 19:53:21"
472,Back Market,Paris,Retail,93,0.1300,"2022-12-23",Series E,France,1000.00,"2026-09-20 19:53:21"
473,Zoopla,London,Real Estate,50,,"2022-12-23",Series C,United Kingdom,25.00,"2026-09-20 19:53:21"
474,Qualcomm,San Diego,Hardware,153,,"2022-12-22",Post-IPO,United States,,"2026-09-20 19:53:21"
475,TuSimple,San Diego,Transportation,350,0.2500,"2022-12-21",Post-IPO,United States,648.00,"2026-09-20 19:53:21"
476,Lendis,Berlin,Other,,0.5000,"2022-12-21",Series A,Germany,90.00,"2026-09-20 19:53:21"
477,Chope,Singapore,Food,65,0.2400,"2022-12-20",Series E,Singapore,50.00,"2026-09-20 19:53:21"
478,Briza,Toronto,Finance,26,0.4000,"2022-12-20",Series A,Canada,10.00,"2026-09-20 19:53:21"
479,StreetBees,London,Data,,,"2022-12-20",Unknown,United Kingdom,63.00,"2026-09-20 19:53:21"
480,Zhihu,Beijing,Consumer,,0.1000,"2022-12-20",Series F,China,892.00,"2026-09-20 19:53:21"
481,Homebot,Denver,Real Estate,18,0.1300,"2022-12-19",Acquired,United States,4.00,"2026-09-20 19:53:21"
482,Health IQ,SF Bay Area,Healthcare,,,"2022-12-19",Series D,United States,136.00,"2026-09-20 19:53:21"
483,Xiaomi,Beijing,Consumer,,,"2022-12-19",Post-IPO,United States,7400.00,"2026-09-20 19:53:21"
484,YourGrocer,Melbourne,Food,,1.0000,"2022-12-19",Unknown,Australia,2.00,"2026-09-20 19:53:21"
485,Tomorrow,Hamburg,Finance,30,0.2500,"2022-12-16",Unknown,Germany,29.00,"2026-09-20 19:53:21"
486,Revelate,Montreal,Data,24,0.3000,"2022-12-16",Series A,Canada,26.00,"2026-09-20 19:53:21"
487,E Inc.,Toronto,Transportation,,,"2022-12-16",Post-IPO,Canada,,"2026-09-20 19:53:21"
488,Autograph,Los Angeles,Crypto,,,"2022-12-16",Series B,United States,205.00,"2026-09-20 19:53:21"
489,Improbable,London,Other,,0.1000,"2022-12-16",Unknown,United Kingdom,704.00,"2026-09-20 19:53:21"
490,Modern Treasury,SF Bay Area,Finance,,0.1800,"2022-12-16",Series C,United States,183.00,"2026-09-20 19:53:21"
491,Reach,Calgary,Retail,,0.1200,"2022-12-16",Series A,Canada,30.00,"2026-09-20 19:53:21"
492,SonderMind,Denver,Healthcare,,0.1500,"2022-12-16",Series C,United States,183.00,"2026-09-20 19:53:21"
493,BigCommerce,Austin,Retail,180,0.1300,"2022-12-15",Post-IPO,United States,224.00,"2026-09-20 19:53:21"
494,Freshworks,SF Bay Area,Support,90,0.0200,"2022-12-15",Post-IPO,United States,484.00,"2026-09-20 19:53:21"
495,LeafLink,New York City,Other,80,0.3100,"2022-12-15",Series C,United States,379.00,"2026-09-20 19:53:21"
496,Workmotion,Berlin,HR,60,0.2000,"2022-12-15",Series B,United States,76.00,"2026-09-20 19:53:21"
497,Apollo,SF Bay Area,Product,,0.1500,"2022-12-15",Series D,United States,183.00,"2026-09-20 19:53:21"
498,JD.ID,Jakarta,Retail,200,0.3000,"2022-12-14",Post-IPO,Indonesia,5100.00,"2026-09-20 19:53:21"
499,GoStudent,Vienna,Education,100,,"2022-12-14",Series D,Austria,686.00,"2026-09-20 19:53:21"
500,Quanergy Systems,SF Bay Area,Transportation,72,,"2022-12-14",Post-IPO,United States,175.00,"2026-09-20 19:53:21"
501,Headspace,Los Angeles,Healthcare,50,0.0400,"2022-12-14",Unknown,United States,215.00,"2026-09-20 19:53:21"
502,ChowNow,Los Angeles,Food,40,0.1000,"2022-12-14",Series C,United States,64.00,"2026-09-20 19:53:21"
503,Landing,Birmingham,Real Estate,,,"2022-12-14",Series C,United States,347.00,"2026-09-20 19:53:21"
504,Thumbtack,SF Bay Area,Consumer,160,0.1400,"2022-12-13",Series I,United States,698.00,"2026-09-20 19:53:21"
505,Edgio,Phoenix,Infrastructure,95,0.1000,"2022-12-13",Post-IPO,United States,462.00,"2026-09-20 19:53:21"
506,Komodo Health,SF Bay Area,Healthcare,78,0.0900,"2022-12-13",Series E,United States,514.00,"2026-09-20 19:53:21"
507,Viant,Los Angeles,Marketing,46,0.1300,"2022-12-13",Post-IPO,United States,,"2026-09-20 19:53:21"
508,TaxBit,Salt Lake City,Crypto,,,"2022-12-13",Series B,United States,235.00,"2026-09-20 19:53:21"
509,Pluralsight,Salt Lake City,Education,400,0.2000,"2022-12-12",Acquired,United States,192.00,"2026-09-20 19:53:21"
510,Freshly,Phoenix,Food,329,,"2022-12-12",Acquired,United States,107.00,"2026-09-20 19:53:21"
511,Balto,St. Louis,Sales,35,,"2022-12-12",Series B,United States,51.00,"2026-09-20 19:53:21"
512,Caribou,Washington D.C.,Finance,,,"2022-12-12",Series C,United States,189.00,"2026-09-20 19:53:21"
513,Outschool,SF Bay Area,Education,43,0.2500,"2022-12-10",Series D,United States,240.00,"2026-09-20 19:53:21"
514,Xentral,Munich,Product,20,0.1000,"2022-12-10",Series B,Germany,94.00,"2026-09-20 19:53:21"
515,Autobooks,Detroit,Finance,,,"2022-12-10",Series C,United States,97.00,"2026-09-20 19:53:21"
516,Convene,New York City,Real Estate,,,"2022-12-10",Unknown,United States,281.00,"2026-09-20 19:53:21"
517,PharmEasy,Mumbai,Healthcare,,,"2022-12-10",Unknown,India,1600.00,"2026-09-20 19:53:21"
518,Playtika,Tel Aviv,Consumer,600,0.1500,"2022-12-09",Post-IPO,Israel,,"2026-09-20 19:53:21"
519,Share Now,Berlin,Transportation,150,0.3600,"2022-12-09",Acquired,Germany,,"2026-09-20 19:53:21"
520,Alice,Sao Paulo,Healthcare,113,0.1600,"2022-12-09",Series C,Brazil,174.00,"2026-09-20 19:53:21"
521,Primer,London,Finance,85,0.3300,"2022-12-09",Series B,United Kingdom,73.00,"2026-09-20 19:53:21"
522,OneFootball,Berlin,Marketing,62,0.1150,"2022-12-09",Series D,Germany,442.00,"2026-09-20 19:53:21"
523,C2FO,Kansas City,Finance,20,0.0200,"2022-12-09",Series H,United States,537.00,"2026-09-20 19:53:21"
524,Brodmann17,Tel Aviv,Other,,1.0000,"2022-12-09",Series A,Israel,25.00,"2026-09-20 19:53:21"
525,Digital Surge,Brisbane,Crypto,,1.0000,"2022-12-09",Unknown,Australia,,"2026-09-20 19:53:21"
526,N-able Technologies,Raleigh,Other,,,"2022-12-09",Post-IPO,United States,225.00,"2026-09-20 19:53:21"
527,ZenLedger,Seattle,Crypto,,0.1000,"2022-12-09",Series B,United States,25.00,"2026-09-20 19:53:21"
528,Airtable,SF Bay Area,Product,254,0.2000,"2022-12-08",Series F,United States,1400.00,"2026-09-20 19:53:21"
529,Swiggy,Bengaluru,Food,250,0.0300,"2022-12-08",Unknown,India,3600.00,"2026-09-20 19:53:21"
530,Glints,Singapore,HR,198,0.1800,"2022-12-08",Series D,Singapore,82.00,"2026-09-20 19:53:21"
531,Buser,Sao Paulo,Transportation,160,0.3000,"2022-12-08",Series C,Brazil,138.00,"2026-09-20 19:53:21"
532,BlackLine,Los Angeles,Finance,95,0.0500,"2022-12-08",Private Equity,United States,220.00,"2026-09-20 19:53:21"
533,Chrono24,Karlsruhe,Retail,80,,"2022-12-08",Series C,Germany,205.00,"2026-09-20 19:53:21"
534,Otonomo,Tel Aviv,Transportation,80,0.5000,"2022-12-08",Post-IPO,Israel,231.00,"2026-09-20 19:53:21"
535,TechTarget,Boston,Marketing,60,0.0500,"2022-12-08",Post-IPO,United States,115.00,"2026-09-20 19:53:21"
536,Inscripta,Boulder,Healthcare,43,,"2022-12-08",Series E,United States,459.00,"2026-09-20 19:53:21"
537,CyCognito,SF Bay Area,Security,30,0.1500,"2022-12-08",Series C,United States,153.00,"2026-09-20 19:53:21"
538,Armis,SF Bay Area,Security,25,0.0400,"2022-12-08",Private Equity,United States,537.00,"2026-09-20 19:53:21"
539,Bakkt,Atlanta,Crypto,,0.1500,"2022-12-08",Post-IPO,United States,932.00,"2026-09-20 19:53:21"
540,Blue Apron,New York City,Food,,0.1000,"2022-12-08",Post-IPO,United States,352.00,"2026-09-20 19:53:21"
541,FireHydrant,New York City,Infrastructure,,,"2022-12-08",Series B,United States,32.00,"2026-09-20 19:53:21"
542,Lenovo,Raleigh,Hardware,,,"2022-12-08",Post-IPO,United States,850.00,"2026-09-20 19:53:21"
543,Nerdy,St. Louis,Education,,0.1700,"2022-12-08",Post-IPO,United States,150.00,"2026-09-20 19:53:21"
544,Vanta,SF Bay Area,Security,,0.1400,"2022-12-08",Series B,United States,203.00,"2026-09-20 19:53:21"
545,Vedantu,Bengaluru,Education,385,,"2022-12-07",Series E,India,292.00,"2026-09-20 19:53:21"
546,Loft,Sao Paulo,Real Estate,312,0.1200,"2022-12-07",Unknown,Brazil,788.00,"2026-09-20 19:53:21"
547,Plaid,SF Bay Area,Finance,260,0.2000,"2022-12-07",Series D,United States,734.00,"2026-09-20 19:53:21"
548,Motive,SF Bay Area,Transportation,237,0.0600,"2022-12-07",Series F,United States,567.00,"2026-09-20 19:53:21"
549,Recur Forever,Miami,Crypto,235,,"2022-12-07",Series A,United States,55.00,"2026-09-20 19:53:21"
550,Relativity,Chicago,Legal,150,0.1000,"2022-12-07",Private Equity,United States,125.00,"2026-09-20 19:53:21"
551,Voi,Stockholm,Transportation,130,0.1300,"2022-12-07",Series D,United States,515.00,"2026-09-20 19:53:21"
552,Integral Ad Science,New York City,Marketing,120,0.1300,"2022-12-07",Acquired,United States,116.00,"2026-09-20 19:53:21"
553,Houzz,SF Bay Area,Consumer,95,0.0800,"2022-12-07",Series E,United States,613.00,"2026-09-20 19:53:21"
554,Grover,Berlin,Retail,40,0.1000,"2022-12-07",Unknown,United States,2300.00,"2026-09-20 19:53:21"
555,Lev,New York City,Real Estate,30,0.3000,"2022-12-07",Series B,United States,114.00,"2026-09-20 19:53:21"
556,Lithic,New York City,Finance,27,0.1800,"2022-12-07",Series C,United States,115.00,"2026-09-20 19:53:21"
557,CircleCI,SF Bay Area,Product,,0.1700,"2022-12-07",Series F,United States,315.00,"2026-09-20 19:53:21"
558,Sayurbox,Jakarta,Food,,0.0500,"2022-12-07",Series C,Indonesia,139.00,"2026-09-20 19:53:21"
559,Zywave,Milwaukee,Finance,,,"2022-12-07",Acquired,United States,,"2026-09-20 19:53:21"
560,Doma,SF Bay Area,Finance,515,0.4000,"2022-12-06",Post-IPO,United States,679.00,"2026-09-20 19:53:21"
561,Intel,SF Bay Area,Hardware,201,,"2022-12-06",Post-IPO,United States,12.00,"2026-09-20 19:53:21"
562,BuzzFeed,New York City,Media,180,0.1200,"2022-12-06",Post-IPO,United States,696.00,"2026-09-20 19:53:21"
563,Weedmaps,Los Angeles,Other,175,0.2500,"2022-12-06",Acquired,United States,,"2026-09-20 19:53:21"
564,Adobe,SF Bay Area,Marketing,100,,"2022-12-06",Post-IPO,United States,2.00,"2026-09-20 19:53:21"
565,Chipper Cash,SF Bay Area,Finance,50,0.1250,"2022-12-06",Series C,United States,302.00,"2026-09-20 19:53:21"
566,Stash,New York City,Finance,32,0.0800,"2022-12-06",Unknown,United States,480.00,"2026-09-20 19:53:21"
567,Perimeter 81,Tel Aviv,Security,20,0.0800,"2022-12-06",Series C,Israel,165.00,"2026-09-20 19:53:21"
568,Koinly,London,Crypto,16,0.1400,"2022-12-06",Unknown,United Kingdom,,"2026-09-20 19:53:21"
569,Bridgit,Waterloo,Construction,13,0.1300,"2022-12-06",Series B,Canada,36.00,"2026-09-20 19:53:21"
570,Filevine,Salt Lake City,Legal,,,"2022-12-06",Series D,United States,226.00,"2026-09-20 19:53:21"
571,Moove,Lagos,Transportation,,,"2022-12-06",Unknown,Nigeria,630.00,"2026-09-20 19:53:21"
572,Nextiva,Phoenix,Other,,0.1700,"2022-12-06",Private Equity,United States,200.00,"2026-09-20 19:53:21"
573,OneStudyTeam,Boston,Healthcare,,0.2500,"2022-12-06",Series D,United States,479.00,"2026-09-20 19:53:21"
574,Zuora,SF Bay Area,Finance,,0.1100,"2022-12-06",Post-IPO,United States,647.00,"2026-09-20 19:53:21"
575,Swyftx,Brisbane,Crypto,90,0.4000,"2022-12-05",Unknown,Australia,,"2026-09-20 19:53:21"
576,Aqua Security,Boston,Security,65,0.1000,"2022-12-05",Series E,United States,265.00,"2026-09-20 19:53:21"
577,DataRails,Tel Aviv,Finance,30,0.1800,"2022-12-05",Series B,Israel,103.00,"2026-09-20 19:53:21"
578,Elemy,SF Bay Area,Healthcare,,,"2022-12-05",Series B,United States,323.00,"2026-09-20 19:53:21"
579,Route,Lehi,Retail,,,"2022-12-05",Unknown,United States,481.00,"2026-09-20 19:53:21"
580,Thinkific,Vancouver,Education,,,"2022-12-05",Post-IPO,Canada,22.00,"2026-09-20 19:53:21"
581,OYO,Gurugram,Travel,600,,"2022-12-03",Series F,India,4000.00,"2026-09-20 19:53:21"
582,HealthifyMe,Bengaluru,Fitness,150,,"2022-12-03",Series C,India,100.00,"2026-09-20 19:53:21"
583,Bybit,Singapore,Crypto,,0.3000,"2022-12-03",Unknown,Singapore,,"2026-09-20 19:53:21"
584,Cognyte,Tel Aviv,Security,100,0.0500,"2022-12-02",Unknown,Israel,,"2026-09-20 19:53:21"
585,ShareChat,Bengaluru,Consumer,100,,"2022-12-02",Unknown,India,1700.00,"2026-09-20 19:53:21"
586,Polly,Burlington,Finance,47,0.1500,"2022-12-02",Series C,United States,184.00,"2026-09-20 19:53:21"
587,Homebound,SF Bay Area,Real Estate,,,"2022-12-02",Unknown,United States,128.00,"2026-09-20 19:53:21"
588,Lora DiCarlo,Bend,Consumer,,1.0000,"2022-12-02",Unknown,United States,9.00,"2026-09-20 19:53:21"
589,Carousell,Singapore,Retail,110,0.1000,"2022-12-01",Private Equity,Singapore,372.00,"2026-09-20 19:53:21"
590,Bizzabo,New York City,Marketing,100,0.3700,"2022-12-01",Series E,United States,194.00,"2026-09-20 19:53:21"
591,BloomTech,SF Bay Area,Education,88,0.5000,"2022-12-01",Unknown,United States,,"2026-09-20 19:53:21"
592,Netlify,SF Bay Area,Product,48,0.1600,"2022-12-01",Series D,United States,212.00,"2026-09-20 19:53:21"
593,Springbig,Miami,Sales,37,0.2300,"2022-12-01",Post-IPO,United States,32.00,"2026-09-20 19:53:21"
594,Podium,Lehi,Support,,0.1200,"2022-12-01",Series D,United States,419.00,"2026-09-20 19:53:21"
595,SQZ Biotech,Boston,Healthcare,,0.6000,"2022-12-01",Post-IPO,United States,229.00,"2026-09-20 19:53:21"
596,Strava,SF Bay Area,Fitness,,0.1400,"2022-12-01",Series F,United States,151.00,"2026-09-20 19:53:21"
597,Synlogic,Boston,Healthcare,,0.2500,"2022-12-01",Post-IPO,United States,321.00,"2026-09-20 19:53:21"
598,Yapily,London,Finance,,,"2022-12-01",Series A,United Kingdom,69.00,"2026-09-20 19:53:21"
599,DoorDash,SF Bay Area,Food,1250,0.0600,"2022-11-30",Post-IPO,United States,2500.00,"2026-09-20 19:53:21"
600,Kraken,SF Bay Area,Crypto,1100,0.3000,"2022-11-30",Unknown,United States,134.00,"2026-09-20 19:53:21"
601,Happy Money,Los Angeles,Finance,158,0.3400,"2022-11-30",Series D,United States,191.00,"2026-09-20 19:53:21"
602,Ula,Jakarta,Retail,134,0.2300,"2022-11-30",Series B,Indonesia,140.00,"2026-09-20 19:53:21"
603,Wonder,New York City,Food,130,0.0700,"2022-11-30",Series B,United States,850.00,"2026-09-20 19:53:21"
604,StudySmarter,Berlin,Education,70,,"2022-11-30",Series A,Germany,64.00,"2026-09-20 19:53:21"
605,Grin,Sacramento,Marketing,60,0.1300,"2022-11-30",Series B,United States,145.00,"2026-09-20 19:53:21"
606,Ualá,Buenos Aires,Finance,53,0.0300,"2022-11-30",Series D,Argentina,544.00,"2026-09-20 19:53:21"
607,Teachmint,Bengaluru,Education,45,0.0500,"2022-11-30",Series B,India,118.00,"2026-09-20 19:53:21"
608,Etermax,Buenos Aires,Other,40,,"2022-11-30",Unknown,Argentina,,"2026-09-20 19:53:21"
609,Thread,London,Retail,30,0.5000,"2022-11-30",Acquired,United Kingdom,40.00,"2026-09-20 19:53:21"
610,Elastic,SF Bay Area,Data,,0.1300,"2022-11-30",Post-IPO,United States,162.00,"2026-09-20 19:53:21"
611,Motional,Boston,Transportation,,,"2022-11-30",Unknown,United States,,"2026-09-20 19:53:21"
612,Pinterest,SF Bay Area,Consumer,,,"2022-11-30",Post-IPO,United States,1500.00,"2026-09-20 19:53:21"
613,Sana,Seattle,Healthcare,,0.1500,"2022-11-30",Series A,United States,700.00,"2026-09-20 19:53:21"
614,Venafi,Salt Lake City,Security,,,"2022-11-30",Acquired,United States,167.00,"2026-09-20 19:53:21"
615,Bitso,Mexico City,Crypto,100,,"2022-11-29",Series C,Mexico,378.00,"2026-09-20 19:53:21"
616,Lyst,London,Retail,50,0.2500,"2022-11-29",Unknown,United Kingdom,144.00,"2026-09-20 19:53:21"
617,CoinJar,Melbourne,Crypto,10,0.2000,"2022-11-29",Unknown,Australia,1.00,"2026-09-20 19:53:21"
618,Bitfront,SF Bay Area,Crypto,,1.0000,"2022-11-29",Unknown,United States,,"2026-09-20 19:53:21"
619,Codexis,SF Bay Area,Healthcare,,0.1800,"2022-11-29",Post-IPO,United States,162.00,"2026-09-20 19:53:21"
620,Firework,SF Bay Area,Retail,,0.1000,"2022-11-29",Series B,United States,269.00,"2026-09-20 19:53:21"
621,Lazerpay,Lagos,Crypto,,,"2022-11-29",Unknown,Nigeria,,"2026-09-20 19:53:21"
622,MessageBird,Amsterdam,Other,,0.3100,"2022-11-29",Series C,Netherlands,1100.00,"2026-09-20 19:53:21"
623,Plerk,Guadalajara,Finance,,0.4000,"2022-11-29",Series A,Mexico,13.00,"2026-09-20 19:53:21"
624,Proton.ai,Boston,Sales,,,"2022-11-29",Series A,United States,20.00,"2026-09-20 19:53:21"
625,Infarm,Berlin,Other,500,0.5000,"2022-11-28",Series D,Germany,604.00,"2026-09-20 19:53:21"
627,Hirect,Bengaluru,Recruiting,200,0.4000,"2022-11-28",Series A,India,,"2026-09-20 19:53:21"
628,ApplyBoard,Waterloo,Education,90,0.0600,"2022-11-28",Series D,Canada,483.00,"2026-09-20 19:53:21"
629,Ajaib,Jakarta,Finance,67,0.0800,"2022-11-28",Unknown,Indonesia,245.00,"2026-09-20 19:53:21"
630,Candy Digital,New York City,Crypto,33,0.3300,"2022-11-28",Series A,United States,100.00,"2026-09-20 19:53:21"
631,ResearchGate,Berlin,Other,25,0.1000,"2022-11-28",Series D,Germany,87.00,"2026-09-20 19:53:21"
632,BlockFi,New York City,Crypto,,1.0000,"2022-11-28",Series E,United States,1000.00,"2026-09-20 19:53:21"
633,FutureLearn,London,Education,,,"2022-11-28",Unknown,United Kingdom,50.00,"2026-09-20 19:53:21"
634,Inspectify,Seattle,Real Estate,,,"2022-11-28",Series A,United States,11.00,"2026-09-20 19:53:21"
635,Ledn,Toronto,Crypto,,,"2022-11-28",Series B,Canada,103.00,"2026-09-20 19:53:21"
636,NCX,SF Bay Area,Energy,,0.4000,"2022-11-28",Series B,United States,78.00,"2026-09-20 19:53:21"
637,Change Invest,Amsterdam,Finance,,0.2400,"2022-11-27",Unknown,Netherlands,22.00,"2026-09-20 19:53:21"
638,Zilch,London,Finance,,,"2022-11-26",Unknown,United Kingdom,389.00,"2026-09-20 19:53:21"
639,VerSe Innovation,Bengaluru,Media,150,0.0500,"2022-11-25",Series J,India,1700.00,"2026-09-20 19:53:21"
640,Carwow,London,Transportation,70,0.2000,"2022-11-25",Unknown,United Kingdom,157.00,"2026-09-20 19:53:21"
641,Vendease,Lagos,Food,27,0.0900,"2022-11-25",Series A,Nigeria,43.00,"2026-09-20 19:53:21"
642,Lemon,Buenos Aires,Crypto,100,0.3800,"2022-11-24",Series A,Argentina,17.00,"2026-09-20 19:53:21"
643,Quidax,Lagos,Crypto,20,0.2000,"2022-11-24",Unknown,Nigeria,3.00,"2026-09-20 19:53:21"
644,Menulog,Sydney,Food,,,"2022-11-24",Acquired,Australia,,"2026-09-20 19:53:21"
645,Utopia Music,Zug,Media,,,"2022-11-24",Series B,Switzerland,,"2026-09-20 19:53:21"
646,Assure,Salt Lake City,Finance,,1.0000,"2022-11-23",Seed,United States,2.00,"2026-09-20 19:53:21"
647,GoodGood,Toronto,Retail,,1.0000,"2022-11-23",Seed,Canada,6.00,"2026-09-20 19:53:21"
648,SWVL,Cairo,Transportation,,0.5000,"2022-11-23",Post-IPO,Egypt,264.00,"2026-09-20 19:53:21"
649,Western Digital,SF Bay Area,Hardware,251,,"2022-11-22",Post-IPO,United States,900.00,"2026-09-20 19:53:21"
650,SIRCLO,Jakarta,Retail,160,0.0800,"2022-11-22",Series B,Indonesia,92.00,"2026-09-20 19:53:21"
651,Trax,Singapore,Retail,80,0.0800,"2022-11-22",Series E,Singapore,1000.00,"2026-09-20 19:53:21"
652,Flash Coffee,Singapore,Food,,,"2022-11-22",Series B,Singapore,57.00,"2026-09-20 19:53:21"
653,Natera,SF Bay Area,Healthcare,,,"2022-11-22",Post-IPO,United States,809.00,"2026-09-20 19:53:21"
654,Rapyd,Tel Aviv,Finance,,,"2022-11-22",Unknown,Israel,770.00,"2026-09-20 19:53:21"
655,Jumia,Lagos,Retail,900,0.2000,"2022-11-21",Post-IPO,Nigeria,1200.00,"2026-09-20 19:53:21"
656,Kitopi,Dubai,Food,93,0.1000,"2022-11-21",Series C,United States,804.00,"2026-09-20 19:53:21"
657,Devo,Boston,Security,,0.1500,"2022-11-21",Series F,United States,481.00,"2026-09-20 19:53:21"
658,GloriFi,Dallas,Finance,,1.0000,"2022-11-21",Unknown,United States,,"2026-09-20 19:53:21"
659,Zomato,Gurugram,Food,100,0.0400,"2022-11-19",Series J,India,914.00,"2026-09-20 19:53:21"
660,Carvana,Phoenix,Transportation,1500,0.0800,"2022-11-18",Post-IPO,United States,1600.00,"2026-09-20 19:53:21"
661,Nuro,SF Bay Area,Transportation,300,0.2000,"2022-11-18",Series D,United States,2100.00,"2026-09-20 19:53:21"
662,Synthego,SF Bay Area,Healthcare,105,0.2000,"2022-11-18",Series E,United States,459.00,"2026-09-20 19:53:21"
663,Splyt,London,Transportation,57,,"2022-11-18",Series B,United Kingdom,34.00,"2026-09-20 19:53:21"
664,Capitolis,New York City,Finance,,0.2500,"2022-11-18",Series D,United States,281.00,"2026-09-20 19:53:21"
665,Kavak,Sao Paulo,Transportation,,,"2022-11-18",Series E,Brazil,1600.00,"2026-09-20 19:53:21"
666,Metaplex,Chicago,Crypto,,,"2022-11-18",Unknown,United States,,"2026-09-20 19:53:21"
667,Ruangguru,Jakarta,Education,,,"2022-11-18",Unknown,Indonesia,205.00,"2026-09-20 19:53:21"
668,StoryBlocks,Washington D.C.,Media,,0.2500,"2022-11-18",Acquired,United States,18.00,"2026-09-20 19:53:21"
669,Unchained Capital,Austin,Crypto,,0.1500,"2022-11-18",Series A,United States,33.00,"2026-09-20 19:53:21"
670,Roku,SF Bay Area,Media,200,0.0700,"2022-11-17",Post-IPO,United States,208.00,"2026-09-20 19:53:21"
671,Orchard,New York City,Real Estate,180,,"2022-11-17",Series D,United States,472.00,"2026-09-20 19:53:21"
672,Homepoint,Phoenix,Real Estate,113,,"2022-11-17",Post-IPO,United States,,"2026-09-20 19:53:21"
673,Juni,Gothenburg,Finance,72,0.3300,"2022-11-17",Unknown,Sweden,281.00,"2026-09-20 19:53:21"
674,Chili Piper,New York City,Sales,58,,"2022-11-17",Series B,United States,54.00,"2026-09-20 19:53:21"
675,Capitolis,New York City,Finance,37,0.2500,"2022-11-17",Series D,United States,281.00,"2026-09-20 19:53:21"
676,TealBook,Toronto,Other,34,0.1900,"2022-11-17",Series B,Canada,73.00,"2026-09-20 19:53:21"
677,Koho,Toronto,Finance,15,0.0400,"2022-11-17",Series D,Canada,278.00,"2026-09-20 19:53:21"
678,&Open,Dublin,Marketing,9,0.0900,"2022-11-17",Series A,Ireland,35.00,"2026-09-20 19:53:21"
679,Kandji,San Diego,Other,,0.1700,"2022-11-17",Series C,United States,188.00,"2026-09-20 19:53:21"
680,Morning Brew,New York City,Media,,0.1400,"2022-11-17",Acquired,United States,,"2026-09-20 19:53:21"
681,Symend,Calgary,Other,,0.1300,"2022-11-17",Series C,Canada,148.00,"2026-09-20 19:53:21"
682,Amazon,Seattle,Retail,10000,0.0300,"2022-11-16",Post-IPO,United States,108.00,"2026-09-20 19:53:21"
683,Cisco,SF Bay Area,Infrastructure,4100,0.0500,"2022-11-16",Post-IPO,United States,2.00,"2026-09-20 19:53:21"
684,Twiga,Nairobi,Food,211,0.2100,"2022-11-16",Series C,Kenya,157.00,"2026-09-20 19:53:21"
685,Wayflyer,Dublin,Marketing,200,0.4000,"2022-11-16",Unknown,Ireland,889.00,"2026-09-20 19:53:21"
686,SimilarWeb,New York City,Other,120,0.1000,"2022-11-16",Post-IPO,United States,235.00,"2026-09-20 19:53:21"
687,Salsify,Boston,Retail,90,0.1100,"2022-11-16",Series F,United States,452.00,"2026-09-20 19:53:21"
688,Lokalise,Dover,Other,76,0.2300,"2022-11-16",Series B,United States,56.00,"2026-09-20 19:53:21"
689,Yotpo,New York City,Marketing,70,0.0900,"2022-11-16",Unknown,United States,436.00,"2026-09-20 19:53:21"
690,Pear Therapeutics,Boston,Healthcare,59,0.2200,"2022-11-16",Post-IPO,United States,409.00,"2026-09-20 19:53:21"
691,D2L,Waterloo,Education,,0.0500,"2022-11-16",Post-IPO,Canada,168.00,"2026-09-20 19:53:21"
692,Dance,Berlin,Transportation,,0.1600,"2022-11-16",Unknown,Germany,63.00,"2026-09-20 19:53:21"
693,Homeward,Austin,Real Estate,,0.2500,"2022-11-16",Unknown,United States,501.00,"2026-09-20 19:53:21"
694,Hopin,London,Other,,0.1700,"2022-11-16",Series D,United Kingdom,1000.00,"2026-09-20 19:53:21"
695,Infogrid,London,Other,,,"2022-11-16",Series A,United Kingdom,15.00,"2026-09-20 19:53:21"
696,Kite,SF Bay Area,Product,,1.0000,"2022-11-16",Series A,United States,21.00,"2026-09-20 19:53:21"
697,UiPath,New York City,Data,241,0.0600,"2022-11-15",Post-IPO,United States,2000.00,"2026-09-20 19:53:21"
698,Asana,SF Bay Area,Other,180,0.0900,"2022-11-15",Post-IPO,United States,453.00,"2026-09-20 19:53:21"
699,OwnBackup,New York City,Security,170,0.1700,"2022-11-15",Series E,United States,507.00,"2026-09-20 19:53:21"
700,Deliveroo Australia,Melbourne,Food,120,1.0000,"2022-11-15",Post-IPO,Australia,1700.00,"2026-09-20 19:53:21"
701,Productboard,SF Bay Area,Product,100,0.2000,"2022-11-15",Series D,United States,,"2026-09-20 19:53:21"
702,Properly,Toronto,Real Estate,71,,"2022-11-15",Series B,Canada,154.00,"2026-09-20 19:53:21"
703,Protocol,SF Bay Area,Media,60,1.0000,"2022-11-15",Acquired,United States,,"2026-09-20 19:53:21"
704,Jimdo,Hamburg,Other,50,0.1600,"2022-11-15",Unknown,Germany,28.00,"2026-09-20 19:53:21"
705,The Zebra,Austin,Finance,50,,"2022-11-15",Series D,United States,256.00,"2026-09-20 19:53:21"
706,Viber,Luxembourg,Consumer,45,0.0800,"2022-11-15",Acquired,Luxembourg,,"2026-09-20 19:53:21"
707,CaptivateIQ,SF Bay Area,Sales,31,0.1000,"2022-11-15",Series C,United States,164.00,"2026-09-20 19:53:21"
708,Apollo Insurance,Vancouver,Finance,,0.2500,"2022-11-15",Series B,Canada,11.00,"2026-09-20 19:53:21"
709,Nirvana Money,Miami,Finance,,1.0000,"2022-11-15",Unknown,United States,,"2026-09-20 19:53:21"
710,Oatly,Malmö,Food,,,"2022-11-15",Post-IPO,Sweden,441.00,"2026-09-20 19:53:21"
711,OfferUp,Seattle,Retail,,0.1900,"2022-11-15",Unknown,United States,381.00,"2026-09-20 19:53:21"
712,Outside,Boulder,Media,,0.1200,"2022-11-15",Series B,United States,174.00,"2026-09-20 19:53:21"
713,Rubicon Technologies,Lexington,Other,,0.1100,"2022-11-15",Post-IPO,United States,382.00,"2026-09-20 19:53:21"
714,Tencent,Shenzen,Consumer,,,"2022-11-15",Post-IPO,China,12600.00,"2026-09-20 19:53:21"
715,Typeform,Barcelona,Marketing,,,"2022-11-15",Series C,Spain,187.00,"2026-09-20 19:53:21"
716,Whispir,Melbourne,Other,,0.3000,"2022-11-15",Post-IPO,Australia,68.00,"2026-09-20 19:53:21"
717,Illumina,San Diego,Healthcare,500,0.0500,"2022-11-14",Post-IPO,United States,28.00,"2026-09-20 19:53:21"
718,Sema4,Stamford,Healthcare,500,,"2022-11-14",Post-IPO,United States,791.00,"2026-09-20 19:53:21"
719,iFit,Logan,Fitness,300,0.2000,"2022-11-14",Private Equity,United States,200.00,"2026-09-20 19:53:21"
720,Ribbon,New York City,Real Estate,170,0.8500,"2022-11-14",Series C,United States,405.00,"2026-09-20 19:53:21"
721,Pipedrive,Tallinn,Sales,143,0.1500,"2022-11-14",Private Equity,Estonia,90.00,"2026-09-20 19:53:21"
722,Intercom,SF Bay Area,Support,124,0.1300,"2022-11-14",Series D,United States,240.00,"2026-09-20 19:53:21"
723,Science 37,Los Angeles,Healthcare,90,,"2022-11-14",Post-IPO,United States,347.00,"2026-09-20 19:53:21"
724,Pear Therapeutics,Boston,Healthcare,59,0.2200,"2022-11-14",Post-IPO,United States,409.00,"2026-09-20 19:53:21"
725,Cardlytics,Atlanta,Marketing,51,,"2022-11-14",Post-IPO,United States,212.00,"2026-09-20 19:53:21"
726,Cloudinary,SF Bay Area,Media,40,0.0800,"2022-11-14",Unknown,United States,100.00,"2026-09-20 19:53:21"
727,Nestcoin,Lagos,Crypto,30,,"2022-11-14",Seed,Nigeria,6.00,"2026-09-20 19:53:21"
728,Gokada,Lagos,Transportation,20,,"2022-11-14",Unknown,Nigeria,12.00,"2026-09-20 19:53:21"
729,Shopee,Jakarta,Food,,,"2022-11-14",Unknown,Indonesia,,"2026-09-20 19:53:21"
730,Tricida,SF Bay Area,Healthcare,,0.5700,"2022-11-14",Post-IPO,United States,624.00,"2026-09-20 19:53:21"
731,Veev,SF Bay Area,Real Estate,100,0.3000,"2022-11-11",Series D,United States,597.00,"2026-09-20 19:53:21"
732,Forto,Berlin,Logistics,60,0.0800,"2022-11-11",Series D,United States,593.00,"2026-09-20 19:53:21"
733,Chipax,Santiago,Finance,,,"2022-11-11",Seed,Chile,2.00,"2026-09-20 19:53:21"
734,Juniper,Atlanta,Marketing,,,"2022-11-11",Acquired,United States,,"2026-09-20 19:53:21"
735,Offerpad,Phoenix,Real Estate,,0.0700,"2022-11-11",Post-IPO,United States,355.00,"2026-09-20 19:53:21"
736,GoTo Group,Jakarta,Transportation,1300,0.1200,"2022-11-10",Post-IPO,Indonesia,1300.00,"2026-09-20 19:53:21"
737,Juul,SF Bay Area,Unknown,400,0.3000,"2022-11-10",Unknown,United States,1500.00,"2026-09-20 19:53:21"
738,Blend,SF Bay Area,Finance,100,0.0600,"2022-11-10",Post-IPO,United States,665.00,"2026-09-20 19:53:21"
739,InfluxData,SF Bay Area,Data,65,0.2700,"2022-11-10",Series D,United States,119.00,"2026-09-20 19:53:21"
740,Coinbase,SF Bay Area,Crypto,60,,"2022-11-10",Post-IPO,United States,549.00,"2026-09-20 19:53:21"
741,SoundHound,SF Bay Area,Other,45,0.1000,"2022-11-10",Post-IPO,United States,326.00,"2026-09-20 19:53:21"
742,Wistia,Boston,Marketing,40,,"2022-11-10",Unknown,United States,18.00,"2026-09-20 19:53:21"
743,Ocavu,Lehi,Crypto,20,0.4800,"2022-11-10",Series A,United States,11.00,"2026-09-20 19:53:21"
744,Avast,Phoenix,Security,,0.2500,"2022-11-10",Unknown,United States,,"2026-09-20 19:53:21"
745,Reforge,SF Bay Area,Education,,,"2022-11-10",Series B,United States,81.00,"2026-09-20 19:53:21"
746,SendCloud,Eindhoven,Logistics,,0.1000,"2022-11-10",Series C,United States,200.00,"2026-09-20 19:53:21"
747,Voly,Sydney,Food,,,"2022-11-10",Seed,Australia,13.00,"2026-09-20 19:53:21"
748,Wavely,SF Bay Area,HR,,1.0000,"2022-11-10",Unknown,United States,,"2026-09-20 19:53:21"
749,ZenBusiness,Austin,Other,,,"2022-11-10",Series C,United States,277.00,"2026-09-20 19:53:21"
750,Meta,SF Bay Area,Consumer,11000,0.1300,"2022-11-09",Post-IPO,United States,26000.00,"2026-09-20 19:53:21"
751,Redfin,Seattle,Real Estate,862,0.1300,"2022-11-09",Post-IPO,United States,320.00,"2026-09-20 19:53:21"
752,Flyhomes,Seattle,Real Estate,300,0.4000,"2022-11-09",Series C,United States,310.00,"2026-09-20 19:53:21"
753,AvantStay,Los Angeles,Travel,144,0.2200,"2022-11-09",Private Equity,United States,686.00,"2026-09-20 19:53:21"
754,Root Insurance,Columbus,Finance,137,0.2000,"2022-11-09",Post-IPO,United States,527.00,"2026-09-20 19:53:21"
755,Liftoff,SF Bay Area,Marketing,130,0.1500,"2022-11-09",Acquired,United States,6.00,"2026-09-20 19:53:21"
756,Cameo,Chicago,Consumer,80,,"2022-11-09",Unknown,United States,165.00,"2026-09-20 19:53:21"
757,Plum,Bengaluru,Healthcare,36,0.1000,"2022-11-09",Series A,India,20.00,"2026-09-20 19:53:21"
758,Kabam,SF Bay Area,Consumer,35,0.0700,"2022-11-09",Acquired,United States,244.00,"2026-09-20 19:53:21"
759,HighRadius,Bengaluru,Finance,25,,"2022-11-09",Series C,India,475.00,"2026-09-20 19:53:21"
760,Namogoo,Tel Aviv,Marketing,25,0.1500,"2022-11-09",Series C,United States,69.00,"2026-09-20 19:53:21"
761,Amobee,SF Bay Area,Marketing,,,"2022-11-09",Acquired,United States,72.00,"2026-09-20 19:53:21"
762,CloudFactory,Nairobi,Data,,0.1200,"2022-11-09",Private Equity,Kenya,78.00,"2026-09-20 19:53:21"
763,Coursera,SF Bay Area,Education,,,"2022-11-09",Post-IPO,United States,458.00,"2026-09-20 19:53:21"
764,Faze Medicines,Boston,Healthcare,,1.0000,"2022-11-09",Series B,United States,81.00,"2026-09-20 19:53:21"
765,RingCentral,SF Bay Area,Other,,0.1000,"2022-11-09",Post-IPO,United States,44.00,"2026-09-20 19:53:21"
766,Spotify,Stockholm,Media,,,"2022-11-09",Post-IPO,Sweden,2100.00,"2026-09-20 19:53:21"
767,EverBridge,Boston,Other,200,,"2022-11-08",Post-IPO,United States,476.00,"2026-09-20 19:53:21"
768,Repertoire Immune Medicines,Boston,Healthcare,65,0.5000,"2022-11-08",Series B,United States,257.00,"2026-09-20 19:53:21"
769,Astra,SF Bay Area,Aerospace,,0.1600,"2022-11-08",Post-IPO,United States,300.00,"2026-09-20 19:53:21"
770,Beat,Athens,Transportation,,,"2022-11-08",Series B,Greece,6.00,"2026-09-20 19:53:21"
771,NanoString,Seattle,Healthcare,,0.1000,"2022-11-08",Post-IPO,United States,731.00,"2026-09-20 19:53:21"
772,SADA,Los Angeles,Other,,0.1100,"2022-11-08",Acquired,United States,,"2026-09-20 19:53:21"
773,Salesforce,SF Bay Area,Sales,1000,0.0100,"2022-11-07",Post-IPO,United States,65.00,"2026-09-20 19:53:21"
774,Unacademy,Bengaluru,Education,350,0.1000,"2022-11-07",Series H,India,838.00,"2026-09-20 19:53:21"
775,Zendesk,SF Bay Area,Support,350,0.0500,"2022-11-07",Acquired,United States,85.00,"2026-09-20 19:53:21"
776,Dock,Sao Paulo,Finance,190,0.1200,"2022-11-07",Private Equity,Brazil,280.00,"2026-09-20 19:53:21"
777,Code42,Minneapolis,Security,,0.1500,"2022-11-07",Unknown,United States,137.00,"2026-09-20 19:53:21"
778,Domino Data Lab,SF Bay Area,Data,,0.2500,"2022-11-07",Series F,United States,223.00,"2026-09-20 19:53:21"
779,Varonis,New York City,Security,110,0.0500,"2022-11-06",Post-IPO,United States,30.00,"2026-09-20 19:53:21"
780,Brainly,Krakow,Education,25,,"2022-11-06",Series D,Poland,148.00,"2026-09-20 19:53:21"
781,Practically,Hyderabad,Education,,,"2022-11-06",Unknown,India,14.00,"2026-09-20 19:53:21"
782,Twitter,SF Bay Area,Consumer,3700,0.5000,"2022-11-04",Post-IPO,United States,12900.00,"2026-09-20 19:53:21"
783,Udaan,Bengaluru,Retail,350,,"2022-11-04",Unknown,India,1500.00,"2026-09-20 19:53:21"
784,Planetly,Berlin,Other,200,1.0000,"2022-11-04",Acquired,Germany,5.00,"2026-09-20 19:53:21"
785,KoinWorks,Jakarta,Finance,70,0.0800,"2022-11-04",Unknown,Indonesia,180.00,"2026-09-20 19:53:21"
786,Exodus,Nebraska City,Crypto,59,0.2200,"2022-11-04",Unknown,United States,60.00,"2026-09-20 19:53:21"
787,Benitago Group,New York City,Retail,,0.1400,"2022-11-04",Series A,United States,380.00,"2026-09-20 19:53:21"
788,Mythical Games,Los Angeles,Crypto,,0.1000,"2022-11-04",Series C,United States,260.00,"2026-09-20 19:53:21"
789,Stripe,SF Bay Area,Finance,1000,0.1400,"2022-11-03",Series H,United States,2300.00,"2026-09-20 19:53:21"
790,Lyft,SF Bay Area,Transportation,700,0.1300,"2022-11-03",Post-IPO,United States,4900.00,"2026-09-20 19:53:21"
791,LendingTree,Charlotte,Finance,200,,"2022-11-03",Post-IPO,United States,,"2026-09-20 19:53:21"
792,Pleo,Copenhagen,Finance,150,0.1500,"2022-11-03",Series C,United States,428.00,"2026-09-20 19:53:21"
793,Delivery Hero,Berlin,Food,100,,"2022-11-03",Post-IPO,Germany,8300.00,"2026-09-20 19:53:21"
794,Shippo,SF Bay Area,Logistics,60,0.2000,"2022-11-03",Series E,United States,154.00,"2026-09-20 19:53:21"
795,Affirm,SF Bay Area,Finance,,0.0100,"2022-11-03",Post-IPO,United States,1500.00,"2026-09-20 19:53:21"
796,CloudKitchens,Los Angeles,Real Estate,,,"2022-11-03",Unknown,United States,1300.00,"2026-09-20 19:53:21"
797,LiveRamp,SF Bay Area,Marketing,,0.1000,"2022-11-03",Post-IPO,United States,16.00,"2026-09-20 19:53:21"
798,Provi,Chicago,Food,,,"2022-11-03",Series C,United States,150.00,"2026-09-20 19:53:21"
799,Rubius,Boston,Healthcare,,0.8200,"2022-11-03",Post-IPO,United States,445.00,"2026-09-20 19:53:21"
800,Snapdocs,SF Bay Area,Real Estate,,0.1500,"2022-11-03",Series D,United States,253.00,"2026-09-20 19:53:21"
801,Studio,SF Bay Area,Education,,,"2022-11-03",Series B,United States,50.00,"2026-09-20 19:53:21"
802,Opendoor,SF Bay Area,Real Estate,550,0.1800,"2022-11-02",Post-IPO,United States,1900.00,"2026-09-20 19:53:21"
803,Chime,SF Bay Area,Finance,156,0.1200,"2022-11-02",Series G,United States,2300.00,"2026-09-20 19:53:21"
804,Chargebee,SF Bay Area,Finance,142,0.1000,"2022-11-02",Series H,United States,468.00,"2026-09-20 19:53:21"
805,Dapper Labs,Vancouver,Crypto,134,0.2200,"2022-11-02",Series D,United States,607.00,"2026-09-20 19:53:21"
806,Checkmarx,Tel Aviv,Security,100,0.1000,"2022-11-02",Series C,Israel,92.00,"2026-09-20 19:53:21"
807,Smava,Berlin,Finance,100,0.1500,"2022-11-02",Unknown,Germany,188.00,"2026-09-20 19:53:21"
808,Iron Ox,SF Bay Area,Food,50,0.5000,"2022-11-02",Series C,United States,103.00,"2026-09-20 19:53:21"
809,Digital Currency Gruop,Stamford,Crypto,10,0.1300,"2022-11-02",Unknown,United States,,"2026-09-20 19:53:21"
810,BitMEX,Non-U.S.,Crypto,,0.3000,"2022-11-02",Seed,Seychelles,0.00,"2026-09-20 19:53:21"
811,Signicat,Trondheim,Security,,,"2022-11-02",Acquired,Norway,8.00,"2026-09-20 19:53:21"
812,Argo AI,SF Bay Area,Transportation,259,,"2022-11-01",Unknown,United States,3600.00,"2026-09-20 19:53:21"
813,Booking.com,Grand Rapids,Travel,226,,"2022-11-01",Acquired,United States,,"2026-09-20 19:53:21"
814,Oracle,SF Bay Area,Other,200,,"2022-11-01",Post-IPO,United States,,"2026-09-20 19:53:21"
815,Upstart,SF Bay Area,Finance,140,0.0700,"2022-11-01",Post-IPO,United States,144.00,"2026-09-20 19:53:21"
816,Gem,SF Bay Area,Recruiting,100,0.3300,"2022-11-01",Series C,United States,148.00,"2026-09-20 19:53:21"
817,Oda,Oslo,Food,70,0.1800,"2022-11-01",Unknown,Sweden,377.00,"2026-09-20 19:53:21"
819,Oda,Oslo,Food,70,0.0600,"2022-11-01",Unknown,Norway,479.00,"2026-09-20 19:53:21"
820,Hootsuite,Vancouver,Marketing,50,0.0500,"2022-11-01",Series C,Canada,300.00,"2026-09-20 19:53:21"
821,Drop,Toronto,Marketing,24,,"2022-11-01",Series B,Canada,56.00,"2026-09-20 19:53:21"
822,Tapps Games,Sao Paulo,Consumer,10,,"2022-11-01",Unknown,Brazil,,"2026-09-20 19:53:21"
823,Brightline,SF Bay Area,Healthcare,,0.2000,"2022-11-01",Series C,United States,212.00,"2026-09-20 19:53:21"
824,Help Scout,Boston,Support,,,"2022-11-01",Series B,United States,28.00,"2026-09-20 19:53:21"
825,Kry,Stockholm,Healthcare,300,0.1000,"2022-10-31",Series D,Sweden,568.00,"2026-09-20 19:53:21"
826,Notarize,Boston,Legal,60,,"2022-10-31",Series D,United States,213.00,"2026-09-20 19:53:21"
827,EquityZen,New York City,Finance,30,0.2700,"2022-10-31",Series B,United States,11.00,"2026-09-20 19:53:21"
828,Equitybee,SF Bay Area,Finance,25,0.2000,"2022-10-31",Series B,United States,85.00,"2026-09-20 19:53:21"
829,Dukaan,Bengaluru,Retail,23,,"2022-10-31",Series A,India,17.00,"2026-09-20 19:53:21"
830,Amazon,Seattle,Retail,150,,"2022-10-28",Post-IPO,United States,108.00,"2026-09-20 19:53:21"
831,Fifth Season,Pittsburgh,Food,100,1.0000,"2022-10-28",Series B,United States,35.00,"2026-09-20 19:53:21"
832,Advata,Seattle,Healthcare,32,0.2100,"2022-10-28",Unknown,United States,,"2026-09-20 19:53:21"
833,Springlane,Düsseldorf,Food,,0.3500,"2022-10-28",Series C,Germany,11.00,"2026-09-20 19:53:21"
834,RenoRun,Montreal,Construction,210,0.4300,"2022-10-27",Series B,Canada,163.00,"2026-09-20 19:53:21"
835,Recharge,Los Angeles,Finance,84,0.1700,"2022-10-27",Series B,United States,277.00,"2026-09-20 19:53:21"
836,Lattice,SF Bay Area,HR,13,,"2022-10-27",Series F,United States,328.00,"2026-09-20 19:53:21"
837,GoNuts,Mumbai,Media,,1.0000,"2022-10-27",Seed,India,,"2026-09-20 19:53:21"
838,Spreetail,Austin,Retail,,,"2022-10-27",Unknown,United States,,"2026-09-20 19:53:21"
839,MindBody,San Luis Obispo,Fitness,400,0.1500,"2022-10-26",Post-IPO,United States,114.00,"2026-09-20 19:53:21"
840,Zillow,Seattle,Real Estate,300,0.0500,"2022-10-26",Post-IPO,United States,97.00,"2026-09-20 19:53:21"
841,Cybereason,Boston,Security,200,0.1700,"2022-10-26",Series F,United States,750.00,"2026-09-20 19:53:21"
842,Argo AI,Pittsburgh,Transportation,173,,"2022-10-26",Unknown,United States,3600.00,"2026-09-20 19:53:21"
843,GoFundMe,SF Bay Area,Finance,94,0.1200,"2022-10-26",Series A,United States,,"2026-09-20 19:53:21"
844,Carbon,SF Bay Area,Hardware,,,"2022-10-26",Series E,United States,683.00,"2026-09-20 19:53:21"
845,Fundbox,SF Bay Area,Finance,150,0.4200,"2022-10-25",Series D,United States,553.00,"2026-09-20 19:53:21"
846,Embroker,SF Bay Area,Finance,30,0.1200,"2022-10-25",Series C,United States,142.00,"2026-09-20 19:53:21"
847,Vee,Tel Aviv,HR,17,0.5000,"2022-10-25",Seed,Israel,15.00,"2026-09-20 19:53:21"
848,Callisto Media,SF Bay Area,Media,,0.3500,"2022-10-25",Series D,United States,,"2026-09-20 19:53:21"
849,Convoy,Seattle,Logistics,,,"2022-10-25",Series E,United States,1100.00,"2026-09-20 19:53:21"
850,Philips,Amsterdam,Healthcare,4000,0.0500,"2022-10-24",Post-IPO,Netherlands,,"2026-09-20 19:53:21"
851,Cerebral,SF Bay Area,Healthcare,400,0.2000,"2022-10-24",Series C,United States,462.00,"2026-09-20 19:53:21"
852,Snyk,Boston,Security,198,0.1400,"2022-10-24",Series F,United States,849.00,"2026-09-20 19:53:21"
853,McMakler,Berlin,Real Estate,100,,"2022-10-24",Unknown,Germany,214.00,"2026-09-20 19:53:21"
854,Unico,Sao Paulo,Other,50,0.0400,"2022-10-24",Series D,Brazil,336.00,"2026-09-20 19:53:21"
855,OrCam,Jerusalem,Healthcare,62,0.1600,"2022-10-23",Unknown,Israel,86.00,"2026-09-20 19:53:21"
856,Antidote Health,Tel Aviv,Healthcare,23,0.3800,"2022-10-23",Unknown,Israel,36.00,"2026-09-20 19:53:21"
857,Khoros,Austin,Sales,120,0.1000,"2022-10-21",Private Equity,United States,138.00,"2026-09-20 19:53:21"
858,F5,Seattle,Security,100,0.0100,"2022-10-21",Post-IPO,United States,,"2026-09-20 19:53:21"
859,Elinvar,Berlin,Finance,43,0.3300,"2022-10-21",Unknown,Germany,30.00,"2026-09-20 19:53:21"
860,Synapsica,New Delhi,Healthcare,30,0.3000,"2022-10-21",Series A,India,4.00,"2026-09-20 19:53:21"
861,Volta,SF Bay Area,Transportation,,0.5400,"2022-10-21",Post-IPO,United States,575.00,"2026-09-20 19:53:21"
862,Hotmart,Belo Horizonte,Marketing,227,0.1200,"2022-10-20",Series C,Brazil,127.00,"2026-09-20 19:53:21"
863,Zeus Living,SF Bay Area,Real Estate,64,0.4600,"2022-10-20",Series C,United States,151.00,"2026-09-20 19:53:21"
864,Loom,SF Bay Area,Product,23,0.1100,"2022-10-20",Series C,United States,203.00,"2026-09-20 19:53:21"
865,Sales Boomerang,Baltimore,Sales,20,,"2022-10-20",Private Equity,United States,5.00,"2026-09-20 19:53:21"
866,Arrival,London,Transportation,,,"2022-10-20",Post-IPO,United Kingdom,629.00,"2026-09-20 19:53:21"
867,Roofstock,SF Bay Area,Real Estate,,0.2000,"2022-10-20",Series E,United States,365.00,"2026-09-20 19:53:21"
868,Starry,Boston,Other,,0.5000,"2022-10-20",Post-IPO,United States,260.00,"2026-09-20 19:53:21"
869,Gopuff,Philadelphia,Food,250,,"2022-10-19",Series H,United States,3400.00,"2026-09-20 19:53:21"
870,AtoB,SF Bay Area,Finance,32,0.3000,"2022-10-19",Series B,United States,177.00,"2026-09-20 19:53:21"
871,InfoSum,London,Security,20,0.1200,"2022-10-19",Series B,United Kingdom,88.00,"2026-09-20 19:53:21"
872,Clever Real Estate,St. Louis,Real Estate,,,"2022-10-19",Series B,United States,13.00,"2026-09-20 19:53:21"
873,Collibra,Brussels,Data,,,"2022-10-19",Series G,Belgium,596.00,"2026-09-20 19:53:21"
874,Side,SF Bay Area,Real Estate,,,"2022-10-19",Unknown,United States,313.00,"2026-09-20 19:53:21"
875,Faire,SF Bay Area,Retail,84,0.0700,"2022-10-18",Series G,United States,1700.00,"2026-09-20 19:53:21"
876,Leafly,Seattle,Retail,56,0.2100,"2022-10-18",Post-IPO,United States,71.00,"2026-09-20 19:53:21"
877,Ada Health,Berlin,Healthcare,50,,"2022-10-17",Series B,Germany,189.00,"2026-09-20 19:53:21"
878,Tiendanube,Buenos Aires,Marketing,50,0.0500,"2022-10-17",Unknown,Argentina,,"2026-09-20 19:53:21"
879,Microsoft,Seattle,Other,,,"2022-10-17",Post-IPO,United States,1.00,"2026-09-20 19:53:21"
880,Nuri,Berlin,Crypto,,1.0000,"2022-10-17",Series B,Germany,42.00,"2026-09-20 19:53:21"
881,Flipboard,SF Bay Area,Media,24,0.2100,"2022-10-16",Unknown,United States,235.00,"2026-09-20 19:53:21"
882,Huawei,Shenzen,Hardware,,,"2022-10-16",Unknown,China,,"2026-09-20 19:53:21"
883,Clear Capital,Reno,Real Estate,378,0.2700,"2022-10-14",Unknown,United States,,"2026-09-20 19:53:21"
884,Beyond Meat,Los Angeles,Food,200,0.1900,"2022-10-14",Post-IPO,United States,122.00,"2026-09-20 19:53:21"
885,Flux Systems,London,Finance,,1.0000,"2022-10-14",Unknown,United Kingdom,9.00,"2026-09-20 19:53:21"
886,Qin1,Noida,Education,,1.0000,"2022-10-14",Seed,India,,"2026-09-20 19:53:21"
887,Salesforce,SF Bay Area,Sales,90,,"2022-10-13",Post-IPO,United States,65.00,"2026-09-20 19:53:21"
888,Playdots,New York City,Consumer,65,1.0000,"2022-10-13",Acquired,United States,10.00,"2026-09-20 19:53:21"
889,ExtraHop,Seattle,Security,,,"2022-10-13",Series C,United States,61.00,"2026-09-20 19:53:21"
890,Byju's,Bengaluru,Education,2500,0.0500,"2022-10-12",Private Equity,India,5500.00,"2026-09-20 19:53:21"
891,"6sense",SF Bay Area,Sales,150,0.1000,"2022-10-12",Series E,United States,426.00,"2026-09-20 19:53:21"
892,Sinch,Stockholm,Other,150,,"2022-10-12",Post-IPO,Sweden,1500.00,"2026-09-20 19:53:21"
893,FrontRow,Bengaluru,Education,130,0.7500,"2022-10-12",Series A,India,17.00,"2026-09-20 19:53:21"
894,Noom,New York City,Healthcare,500,0.1000,"2022-10-11",Series F,United States,657.00,"2026-09-20 19:53:21"
895,MX,Lehi,Finance,200,,"2022-10-11",Series C,United States,450.00,"2026-09-20 19:53:21"
896,Brex,SF Bay Area,Finance,136,0.1100,"2022-10-11",Series D,United States,1500.00,"2026-09-20 19:53:21"
897,Pacaso,SF Bay Area,Real Estate,100,0.3000,"2022-10-11",Series C,United States,217.00,"2026-09-20 19:53:21"
898,Sketch,The Hague,Other,80,,"2022-10-11",Series A,Netherlands,20.00,"2026-09-20 19:53:21"
899,Udacity,SF Bay Area,Education,55,0.1300,"2022-10-11",Unknown,United States,235.00,"2026-09-20 19:53:21"
900,Linkfire,Copenhagen,Marketing,35,0.3500,"2022-10-11",Seed,Denmark,2.00,"2026-09-20 19:53:21"
901,Emitwise,London,Energy,,,"2022-10-11",Series A,United Kingdom,16.00,"2026-09-20 19:53:21"
902,GSR,Hong Kong,Crypto Currency,,,"2022-10-11",Unknown,Hong Kong,,"2026-09-20 19:53:21"
903,VanHack,Vancouver,HR,,,"2022-10-11",Seed,United States,,"2026-09-20 19:53:21"
904,HelloFresh,SF Bay Area,Food,611,,"2022-10-10",Post-IPO,United States,367.00,"2026-09-20 19:53:21"
905,Momentive,SF Bay Area,Marketing,180,0.1100,"2022-10-10",Post-IPO,United States,1100.00,"2026-09-20 19:53:21"
906,Pavilion Data,SF Bay Area,Infrastructure,96,0.9600,"2022-10-10",Series D,United States,103.00,"2026-09-20 19:53:21"
907,Redesign Health,New York City,Healthcare,67,0.2000,"2022-10-10",Series C,United States,315.00,"2026-09-20 19:53:21"
908,Nyriad,Austin,Infrastructure,,0.3300,"2022-10-10",Unknown,United States,58.00,"2026-09-20 19:53:21"
909,BioMarin,SF Bay Area,Healthcare,120,0.0400,"2022-10-07",Post-IPO,United States,585.00,"2026-09-20 19:53:21"
910,Rev.com,Austin,Data,85,,"2022-10-07",Series D,United States,30.00,"2026-09-20 19:53:21"
911,Crypto.com,Singapore,Crypto,2000,0.3000,"2022-10-06",Unknown,Singapore,156.00,"2026-09-20 19:53:21"
912,Peloton,New York City,Fitness,500,0.1200,"2022-10-06",Post-IPO,United States,1900.00,"2026-09-20 19:53:21"
913,Landing,Birmingham,Real Estate,110,,"2022-10-06",Series C,United States.,347.00,"2026-09-20 19:53:21"
914,Turnitin,SF Bay Area,Education,51,0.0500,"2022-10-06",Acquired,United States,,"2026-09-20 19:53:21"
915,Impossible Foods,SF Bay Area,Food,50,0.0600,"2022-10-06",Series H,United States,1900.00,"2026-09-20 19:53:21"
916,Atome,Singapore,Finance,,,"2022-10-06",Unknown,Singapore,645.00,"2026-09-20 19:53:21"
917,First AML,Auckland,Finance,,,"2022-10-06",Series B,New Zealand,29.00,"2026-09-20 19:53:21"
918,Foresight Insurance,SF Bay Area,Finance,,0.4000,"2022-10-06",Series B,United States,58.00,"2026-09-20 19:53:21"
919,Spotify,Stockholm,Media,,,"2022-10-06",Post-IPO,Sweden,2100.00,"2026-09-20 19:53:21"
920,Built In,Chicago,Recruiting,50,0.2500,"2022-10-05",Series C,United States,29.00,"2026-09-20 19:53:21"
921,TwinStrand,Seattle,Healthcare,,0.5000,"2022-10-05",Series B,United States,73.00,"2026-09-20 19:53:21"
922,"8x8",SF Bay Area,Support,200,0.0900,"2022-10-04",Post-IPO,United States,253.00,"2026-09-20 19:53:21"
923,Homie,Salt Lake City,Real Estate,40,0.1300,"2022-10-04",Series B,United States,35.00,"2026-09-20 19:53:21"
924,Fivetran,SF Bay Area,Data,,0.0500,"2022-10-04",Series D,United States,,"2026-09-20 19:53:21"
925,Xendit,Jakarta,Finance,,0.0500,"2022-10-04",Series D,Indonesia,534.00,"2026-09-20 19:53:21"
926,Zoomo,Sydney,Transportation,,0.1600,"2022-10-04",Series B,Australia,105.00,"2026-09-20 19:53:21"
927,ActiveCampaign,Chicago,Marketing,,0.1500,"2022-10-03",Series C,United States,360.00,"2026-09-20 19:53:21"
928,Tempo,SF Bay Area,Fitness,,,"2022-10-03",Series C,United States,298.00,"2026-09-20 19:53:21"
929,WazirX,Mumbai,Crypto,60,0.4000,"2022-10-02",Acquired,India,,"2026-09-20 19:53:21"
930,Spin,SF Bay Area,Transportation,78,0.1000,"2022-09-30",Acquired,United States,8.00,"2026-09-20 19:53:21"
931,Carsome,Kuala Lumpur,Transportation,,0.1000,"2022-09-30",Series E,Malaysia,607.00,"2026-09-20 19:53:21"
932,Pastel,SF Bay Area,Food,,1.0000,"2022-09-30",Unknown,United States,,"2026-09-20 19:53:21"
933,Truepill,SF Bay Area,Healthcare,,,"2022-09-30",Series D,United States,255.00,"2026-09-20 19:53:21"
934,Westwing,Munich,Retail,125,,"2022-09-29",Post-IPO,Germany,237.00,"2026-09-20 19:53:21"
935,Mux,SF Bay Area,Infrastructure,40,0.2000,"2022-09-29",Series D,United States,173.00,"2026-09-20 19:53:21"
936,Solarisbank,Berlin,Finance,,0.1000,"2022-09-29",Unknown,Germany,385.00,"2026-09-20 19:53:21"
937,Zenjob,Berlin,HR,,,"2022-09-29",Series D,Germany,107.00,"2026-09-20 19:53:21"
938,DocuSign,SF Bay Area,Sales,671,0.0900,"2022-09-28",Post-IPO,United States,536.00,"2026-09-20 19:53:21"
939,Front,SF Bay Area,Support,,,"2022-09-28",Series D,United States,203.00,"2026-09-20 19:53:21"
940,Volta,SF Bay Area,Transportation,,0.1000,"2022-09-28",Post-IPO,United States,575.00,"2026-09-20 19:53:21"
941,Divvy Homes,SF Bay Area,Real Estate,40,0.1200,"2022-09-27",Series B,United States,180.00,"2026-09-20 19:53:21"
942,Graphcore,Bristol,Data,,,"2022-09-27",Unknown,United Kingdom,692.00,"2026-09-20 19:53:21"
943,Instacart,SF Bay Area,Food,,,"2022-09-24",Unknown,United States,2900.00,"2026-09-20 19:53:21"
944,Konfio,Mexico City,Finance,180,,"2022-09-23",Series E,United States,706.00,"2026-09-20 19:53:21"
945,Moss,Berlin,Fin-Tech,70,0.1500,"2022-09-23",Series B,Germany,150.00,"2026-09-20 19:53:21"
946,Foxtrot,Chicago,Food,26,0.0350,"2022-09-23",Series C,United States,166.00,"2026-09-20 19:53:21"
947,Truiloo,Vancouver,Security,24,0.0500,"2022-09-23",Series D,Canada,474.00,"2026-09-20 19:53:21"
948,Pesto,SF Bay Area,Other,,1.0000,"2022-09-23",Seed,United States,6.00,"2026-09-20 19:53:21"
949,NYDIG,New York City,Crypto,110,0.3300,"2022-09-22",Private Equity,United States,1400.00,"2026-09-20 19:53:21"
950,Klarna,Stockholm,Finance,100,,"2022-09-22",Unknown,Sweden,3700.00,"2026-09-20 19:53:21"
951,Made.com,London,Retail,,0.3500,"2022-09-22",Series D,United Kingdom,136.00,"2026-09-20 19:53:21"
952,Kitty Hawk,SF Bay Area,Aerospace,100,1.0000,"2022-09-21",Unknown,United States,1.00,"2026-09-20 19:53:21"
953,Candidate Labs,SF Bay Area,HR,,,"2022-09-21",Seed,United States,5.00,"2026-09-20 19:53:21"
954,Compass,New York City,Real Estate,271,,"2022-09-20",Post-IPO,United States,1600.00,"2026-09-20 19:53:21"
955,Curative,Los Angeles,Healthcare,109,,"2022-09-20",Seed,United States,8.00,"2026-09-20 19:53:21"
956,Ada,Toronto,Support,78,0.1600,"2022-09-20",Series C,Canada,190.00,"2026-09-20 19:53:21"
957,"99",Sao Paulo,Transportation,75,0.0200,"2022-09-20",Acquired,Brazil,244.00,"2026-09-20 19:53:21"
958,Ouster,SF Bay Area,Transportation,,0.1000,"2022-09-20",Post-IPO,United States,282.00,"2026-09-20 19:53:21"
959,Zappos,Las Vegas,Retail,,0.0400,"2022-09-20",Acquired,United States,62.00,"2026-09-20 19:53:21"
960,Ola,Bengaluru,Transportation,200,,"2022-09-19",Series J,India,5000.00,"2026-09-20 19:53:21"
961,Vesalius Therapeutics,Boston,Healthcare,29,0.4300,"2022-09-19",Series B,United States,75.00,"2026-09-20 19:53:21"
962,VideoAmp,Los Angeles,Marketing,,0.0200,"2022-09-19",Series F,United States,456.00,"2026-09-20 19:53:21"
963,Shopee,Jakarta,Food,,,"2022-09-18",Unknown,Indonesia,,"2026-09-20 19:53:21"
964,Clear,Bengaluru,Finance,190,0.2000,"2022-09-16",Series C,India,140.00,"2026-09-20 19:53:21"
965,TrueLayer,London,Finance,40,0.1000,"2022-09-16",Series E,United States,271.00,"2026-09-20 19:53:21"
966,LivePerson,New York City,Support,193,0.1100,"2022-09-15",Post-IPO,United States,42.00,"2026-09-20 19:53:21"
967,Acast,Stockholm,Media,70,0.1500,"2022-09-15",Post-IPO,Sweden,126.00,"2026-09-20 19:53:21"
968,WorkRamp,SF Bay Area,HR,35,0.2000,"2022-09-15",Series C,United States,67.00,"2026-09-20 19:53:21"
969,DayTwo,SF Bay Area,Healthcare,,,"2022-09-15",Series B,United States,90.00,"2026-09-20 19:53:21"
970,NextRoll,SF Bay Area,Marketing,,0.0700,"2022-09-15",Unknown,United States,108.00,"2026-09-20 19:53:21"
971,Twilio,SF Bay Area,Other,800,0.1100,"2022-09-14",Post-IPO,United States,614.00,"2026-09-20 19:53:21"
972,Pitch,Berlin,Marketing,59,0.3000,"2022-09-14",Series B,Germany,137.00,"2026-09-20 19:53:21"
973,Infarm,Berlin,Other,50,0.0500,"2022-09-14",Series D,Germany,604.00,"2026-09-20 19:53:21"
974,Netflix,SF Bay Area,Media,30,,"2022-09-14",Post-IPO,United States,121900.00,"2026-09-20 19:53:21"
975,Bitrise,Budapest,Infrastructure,,0.1400,"2022-09-14",Series C,Hungary,83.00,"2026-09-20 19:53:21"
976,Rubius,Boston,Healthcare,160,0.7500,"2022-09-13",Post-IPO,United States,445.00,"2026-09-20 19:53:21"
977,Checkout.com,London,Finance,100,0.0500,"2022-09-13",Series D,United Kingdom,1800.00,"2026-09-20 19:53:21"
978,Taboola,New York City,Marketing,100,0.0600,"2022-09-13",Post-IPO,United States,445.00,"2026-09-20 19:53:21"
979,Patreon,SF Bay Area,Media,80,0.1700,"2022-09-13",Series F,United States,413.00,"2026-09-20 19:53:21"
980,FullStory,Atlanta,Marketing,,0.1200,"2022-09-13",Unknown,United States,197.00,"2026-09-20 19:53:21"
981,Propzy,Ho Chi Minh City,Real Estate,,1.0000,"2022-09-13",Series A,Vietnam,33.00,"2026-09-20 19:53:21"
982,Quicko,Sao Paulo,Transportation,60,,"2022-09-12",Acquired,Brazil,28.00,"2026-09-20 19:53:21"
983,Mode Analytics,SF Bay Area,Data,25,,"2022-09-12",Series D,United States,81.00,"2026-09-20 19:53:21"
984,Compete,Tel Aviv,HR,11,0.2800,"2022-09-12",Series A,Israel,17.00,"2026-09-20 19:53:21"
985,Karbon,SF Bay Area,Other,,0.2300,"2022-09-12",Series B,United States,91.00,"2026-09-20 19:53:21"
986,Rent the Runway,New York City,Retail,,0.2400,"2022-09-12",Post-IPO,United States,526.00,"2026-09-20 19:53:21"
987,Sama,SF Bay Area,Data,,,"2022-09-12",Series B,United States,84.00,"2026-09-20 19:53:21"
988,SkipTheDishes,Winnipeg,Food,350,,"2022-09-09",Acquired,Canada,6.00,"2026-09-20 19:53:21"
989,Brighte,Sydney,Energy,58,,"2022-09-09",Series C,Australia,145.00,"2026-09-20 19:53:21"
990,Patreon,SF Bay Area,Media,5,,"2022-09-09",Series F,United States,413.00,"2026-09-20 19:53:21"
991,Amber Group,Hong Kong,Crypto,,0.1000,"2022-09-09",Series B,Hong Kong,328.00,"2026-09-20 19:53:21"
992,Capiter,Cairo,Finance,,,"2022-09-09",Series A,Egypt,33.00,"2026-09-20 19:53:21"
993,CommonBond,New York City,Finance,,1.0000,"2022-09-09",Series D,United States,125.00,"2026-09-20 19:53:21"
994,DreamBox Learning,Seattle,Education,,,"2022-09-09",Acquired,United States,175.00,"2026-09-20 19:53:21"
995,Flowhub,Denver,Retail,,0.1500,"2022-09-09",Unknown,United States,45.00,"2026-09-20 19:53:21"
996,Lido Learning,Mumbai,Education,,1.0000,"2022-09-09",Series C,India,20.00,"2026-09-20 19:53:21"
997,GoStudent,Vienna,Education,200,,"2022-09-08",Series D,Austria,686.00,"2026-09-20 19:53:21"
998,Pomelo Fashion,Bangkok,Retail,55,0.0800,"2022-09-08",Unknown,Thailand,120.00,"2026-09-20 19:53:21"
999,Genome Medical,SF Bay Area,Healthcare,23,,"2022-09-08",Series C,United States,120.00,"2026-09-20 19:53:21"
1000,BigBear.ai,Baltimore,Data,,0.0700,"2022-09-08",Post-IPO,United States,200.00,"2026-09-20 19:53:21"
1001,Realtor.com,SF Bay Area,Real Estate,,,"2022-09-08",Acquired,United States,,"2026-09-20 19:53:21"
1002,Simple Feast,Copenhagen,Food,150,1.0000,"2022-09-07",Unknown,Denmark,173.00,"2026-09-20 19:53:21"
1003,Foodpanda,Singapore,Food,60,,"2022-09-07",Acquired,Singapore,749.00,"2026-09-20 19:53:21"
1004,Uber,Vilnius,Transportation,60,,"2022-09-07",Post-IPO,Lithuania,24700.00,"2026-09-20 19:53:21"
1005,Rupeek,Bengaluru,Finance,50,,"2022-09-07",Unknown,India,172.00,"2026-09-20 19:53:21"
1006,Intercom,SF Bay Area,Support,49,0.0500,"2022-09-07",Series D,United States,240.00,"2026-09-20 19:53:21"
1007,Pendo,Raleigh,Product,45,0.0500,"2022-09-07",Series F,United States,469.00,"2026-09-20 19:53:21"
1008,Demandbase,SF Bay Area,Sales,27,0.0300,"2022-09-07",Series H,United States,143.00,"2026-09-20 19:53:21"
1009,Firebolt,Tel Aviv,Data,,,"2022-09-07",Series C,Israel,264.00,"2026-09-20 19:53:21"
1010,Medly,New York City,Healthcare,,0.5000,"2022-09-07",Series C,United States,100.00,"2026-09-20 19:53:21"
1011,Xsight Labs,Tel Aviv,Other,,,"2022-09-07",Series D,Israel,100.00,"2026-09-20 19:53:21"
1012,Brave Care,Portland,Healthcare,40,0.3300,"2022-09-06",Series B,United States,42.00,"2026-09-20 19:53:21"
1013,Lawgeex,Tel Aviv,Legal,30,0.3300,"2022-09-06",Series C,Israel,41.00,"2026-09-20 19:53:21"
1014,Juniper Square,SF Bay Area,Real Estate,,0.1400,"2022-09-06",Series C,United States,108.00,"2026-09-20 19:53:21"
1015,Medium,SF Bay Area,Media,,0.2500,"2022-09-06",Unknown,United States,163.00,"2026-09-20 19:53:21"
1016,Kuda,Lagos,Finance,23,0.0500,"2022-09-02",Series B,Nigeria,91.00,"2026-09-20 19:53:21"
1017,Alerzo,Ibadan,Retail,,,"2022-09-02",Series B,Nigeria,16.00,"2026-09-20 19:53:21"
1018,Sea,Singapore,Consumer,,,"2022-09-02",Post-IPO,Singapore,8600.00,"2026-09-20 19:53:21"
1019,"2TM",Sao Paulo,Crypto,100,0.1500,"2022-09-01",Unknown,Brazil,250.00,"2026-09-20 19:53:21"
1020,Innovaccer,SF Bay Area,Healthcare,90,0.0800,"2022-09-01",Series E,United States,379.00,"2026-09-20 19:53:21"
1021,Shopify,Ottawa,Retail,70,,"2022-09-01",Post-IPO,Canada,122.00,"2026-09-20 19:53:21"
1022,Urban Sports Club,Berlin,Fitness,55,0.1500,"2022-09-01",Unknown,Germany,95.00,"2026-09-20 19:53:21"
1023,Hedvig,Stockholm,Finance,12,,"2022-09-01",Series B,Sweden,67.00,"2026-09-20 19:53:21"
1024,Snap,Los Angeles,Consumer,1280,0.2000,"2022-08-31",Post-IPO,United States,4900.00,"2026-09-20 19:53:21"
1025,GoodRx,Los Angeles,Healthcare,140,0.1600,"2022-08-31",Post-IPO,United States,910.00,"2026-09-20 19:53:21"
1026,Smava,Berlin,Finance,100,0.1000,"2022-08-31",Unknown,Germany,188.00,"2026-09-20 19:53:21"
1027,Hippo Insurance,SF Bay Area,Finance,70,0.1000,"2022-08-31",Post-IPO,United States,1300.00,"2026-09-20 19:53:21"
1028,Clari,SF Bay Area,Sales,45,,"2022-08-31",Series F,United States,496.00,"2026-09-20 19:53:21"
1029,Koo,Bengaluru,Consumer,40,,"2022-08-31",Series B,India,44.00,"2026-09-20 19:53:21"
1030,TCR2,Boston,Healthcare,30,0.2000,"2022-08-31",Post-IPO,United States,173.00,"2026-09-20 19:53:21"
1031,Apartment List,SF Bay Area,Real Estate,29,0.1000,"2022-08-31",Series D,United States,169.00,"2026-09-20 19:53:21"
1032,Artnight,Berlin,Retail,26,0.3600,"2022-08-31",Unknown,Germany,,"2026-09-20 19:53:21"
1033,Snagajob,Richmond,HR,,,"2022-08-31",Unknown,United States,221.00,"2026-09-20 19:53:21"
1034,The Wing,New York City,Real Estate,,1.0000,"2022-08-31",Series C,United States,117.00,"2026-09-20 19:53:21"
1035,Viamo,Accra,Other,,,"2022-08-31",Unknown,Ghana,,"2026-09-20 19:53:21"
1036,Electric,New York City,Other,81,,"2022-08-30",Series D,United States,212.00,"2026-09-20 19:53:21"
1037,Immersive Labs,Bristol,Security,38,0.1000,"2022-08-30",Series C,United Kingdom,123.00,"2026-09-20 19:53:21"
1038,Nate,New York City,Retail,30,,"2022-08-30",Series A,United States,47.00,"2026-09-20 19:53:21"
1039,Meesho,Bengaluru,Retail,300,,"2022-08-29",Series F,India,1100.00,"2026-09-20 19:53:21"
1040,"54gene",Washington D.C.,Healthcare,95,0.3000,"2022-08-29",Series B,United States,44.00,"2026-09-20 19:53:21"
1041,Fungible,SF Bay Area,Crypto,,,"2022-08-29",Series C,United States,310.00,"2026-09-20 19:53:21"
1042,Skillz,SF Bay Area,Consumer,,,"2022-08-29",Post-IPO,United States,287.00,"2026-09-20 19:53:21"
1043,Otonomo,Tel Aviv,Transportation,,,"2022-08-28",Post-IPO,Israel,231.00,"2026-09-20 19:53:21"
1044,Zymergen,SF Bay Area,Other,80,,"2022-08-26",Acquired,United States,974.00,"2026-09-20 19:53:21"
1045,Okta,SF Bay Area,Security,24,,"2022-08-26",Post-IPO,United States,1200.00,"2026-09-20 19:53:21"
1046,Argyle,New York City,Finance,20,0.0700,"2022-08-26",Series B,United States,78.00,"2026-09-20 19:53:21"
1047,Better.com,New York City,Real Estate,,,"2022-08-26",Unknown,United States,905.00,"2026-09-20 19:53:21"
1048,FreshDirect,Philadelphia,Food,40,,"2022-08-25",Acquired,United States,280.00,"2026-09-20 19:53:21"
1049,Loja Integrada,Sao Paulo,Retail,25,0.1000,"2022-08-25",Acquired,Brazil,,"2026-09-20 19:53:21"
1050,Impact.com,Los Angeles,Marketing,,0.1000,"2022-08-25",Private Equity,United States,361.00,"2026-09-20 19:53:21"
1051,ShipBob,Chicago,Logistics,,0.0700,"2022-08-25",Series E,United States,330.00,"2026-09-20 19:53:21"
1052,Reali,SF Bay Area,Real Estate,140,1.0000,"2022-08-24",Series B,United States,117.00,"2026-09-20 19:53:21"
1053,Loop,Washington D.C.,Finance,15,0.2000,"2022-08-24",Series A,United States,24.00,"2026-09-20 19:53:21"
1054,Pix,SF Bay Area,Food,,,"2022-08-24",Unknown,United States,,"2026-09-20 19:53:21"
1055,Tier Mobility,Berlin,Transportation,180,0.1600,"2022-08-23",Series D,Germany,646.00,"2026-09-20 19:53:21"
1056,Packable,New York City,Retail,138,0.2000,"2022-08-23",Unknown,United States,472.00,"2026-09-20 19:53:21"
1057,Q4,Toronto,Other,50,0.0800,"2022-08-23",Series C,Canada,91.00,"2026-09-20 19:53:21"
1058,Skedulo,SF Bay Area,HR,31,0.0800,"2022-08-23",Series C,United States,114.00,"2026-09-20 19:53:21"
1059,Plato,SF Bay Area,HR,29,0.5000,"2022-08-23",Seed,United States,3.00,"2026-09-20 19:53:21"
1060,DataRobot,Boston,Data,,0.2600,"2022-08-23",Series G,United States,1000.00,"2026-09-20 19:53:21"
1061,Kogan,Melbourne,Retail,,,"2022-08-23",Post-IPO,Australia,,"2026-09-20 19:53:21"
1062,Skillshare,New York City,Education,,,"2022-08-23",Unknown,United States,136.00,"2026-09-20 19:53:21"
1063,Mr. Yum,Melbourne,Food,,0.1700,"2022-08-22",Series A,United States,73.00,"2026-09-20 19:53:21"
1064,ShopX,Bengaluru,Retail,,1.0000,"2022-08-22",Unknown,India,56.00,"2026-09-20 19:53:21"
1065,NSO,Tel Aviv,Security,100,0.1400,"2022-08-21",Seed,Israel,1.00,"2026-09-20 19:53:21"
1066,Tufin,Boston,Security,55,0.1000,"2022-08-21",Acquired,United States,21.00,"2026-09-20 19:53:21"
1067,Amperity,Seattle,Marketing,13,0.0300,"2022-08-20",Series D,United States,187.00,"2026-09-20 19:53:21"
1068,Wayfair,Boston,Retail,870,0.0500,"2022-08-19",Post-IPO,United States,1700.00,"2026-09-20 19:53:21"
1069,Stripe,SF Bay Area,Finance,50,,"2022-08-19",Series H,United States,2300.00,"2026-09-20 19:53:21"
1070,Hodlnaut,Singapore,Crypto,40,0.8000,"2022-08-19",Unknown,Singapore,,"2026-09-20 19:53:21"
1071,New Relic,SF Bay Area,Infrastructure,110,0.0500,"2022-08-18",Post-IPO,United States,214.00,"2026-09-20 19:53:21"
1072,Wheel,Austin,Healthcare,35,0.1700,"2022-08-18",Series C,United States,215.00,"2026-09-20 19:53:21"
1073,Petal,New York City,Finance,,,"2022-08-18",Series D,United States,704.00,"2026-09-20 19:53:21"
1074,Thirty Madison,New York City,Healthcare,,0.1000,"2022-08-18",Series C,United States,209.00,"2026-09-20 19:53:21"
1075,Vendasta,Saskatoon,Marketing,,0.0500,"2022-08-18",Series D,Canada,178.00,"2026-09-20 19:53:21"
1076,Malwarebytes,SF Bay Area,Security,125,0.1400,"2022-08-17",Series B,United States,80.00,"2026-09-20 19:53:21"
1077,Fluke,Sao Paulo,Other,83,0.8200,"2022-08-17",Seed,Brazil,,"2026-09-20 19:53:21"
1078,Swyftx,Brisbane,Crypto,74,0.2100,"2022-08-17",Unknown,Australia,,"2026-09-20 19:53:21"
1079,Tempo Automation,SF Bay Area,Other,54,,"2022-08-17",Series C,United States,74.00,"2026-09-20 19:53:21"
1080,Genesis,New York City,Crypto,52,0.2000,"2022-08-17",Series A,United States,,"2026-09-20 19:53:21"
1081,Warren,Porto Alegre,Finance,50,,"2022-08-17",Series C,Brazil,104.00,"2026-09-20 19:53:21"
1082,AlayaCare,Montreal,Healthcare,80,0.1400,"2022-08-16",Series D,Canada,293.00,"2026-09-20 19:53:21"
1083,Pliops,Tel Aviv,Data,12,0.0900,"2022-08-16",Series D,Israel,205.00,"2026-09-20 19:53:21"
1084,Woven,Indianapolis,HR,5,0.1500,"2022-08-16",Series A,United States,11.00,"2026-09-20 19:53:21"
1085,Crypto.com,Singapore,Crypto,,,"2022-08-16",Unknown,Singapore,156.00,"2026-09-20 19:53:21"
1086,Edmodo,SF Bay Area,Education,,1.0000,"2022-08-16",Acquired,United States,77.00,"2026-09-20 19:53:21"
1087,Snapdocs,SF Bay Area,Real Estate,,0.1000,"2022-08-16",Series D,United States,253.00,"2026-09-20 19:53:21"
1088,Updater,New York City,Other,,,"2022-08-16",Unknown,United States,467.00,"2026-09-20 19:53:21"
1089,Sema4,Stamford,Healthcare,250,0.1300,"2022-08-15",Post-IPO,United States,791.00,"2026-09-20 19:53:21"
1090,Blend,SF Bay Area,Finance,220,0.1200,"2022-08-15",Post-IPO,United States,665.00,"2026-09-20 19:53:21"
1091,ContraFect,New York City,Healthcare,16,0.3700,"2022-08-15",Post-IPO,United States,380.00,"2026-09-20 19:53:21"
1092,ThredUp,Chicago,Retail,,0.1500,"2022-08-15",Post-IPO,United States,305.00,"2026-09-20 19:53:21"
1093,Anywell,Tel Aviv,Real Estate,11,,"2022-08-14",Series A,Israel,15.00,"2026-09-20 19:53:21"
1094,Almanac,SF Bay Area,Other,,,"2022-08-13",Series A,United States,45.00,"2026-09-20 19:53:21"
1095,Peloton,New York City,Fitness,784,0.1300,"2022-08-12",Post-IPO,United States,1900.00,"2026-09-20 19:53:21"
1096,Core Scientific,Austin,Crypto,,0.1000,"2022-08-12",Post-IPO,United States,169.00,"2026-09-20 19:53:21"
1097,Orbit,SF Bay Area,Other,,,"2022-08-12",Series A,United States,20.00,"2026-09-20 19:53:21"
1098,Truepill,SF Bay Area,Healthcare,175,0.3300,"2022-08-11",Series D,United States,255.00,"2026-09-20 19:53:21"
1099,Calm,SF Bay Area,Healthcare,90,0.2000,"2022-08-11",Series C,United States,218.00,"2026-09-20 19:53:21"
1100,FourKites,Chicago,Logistics,60,0.0800,"2022-08-11",Series D,United States,201.00,"2026-09-20 19:53:21"
1101,Marketforce,Nairobi,Retail,54,0.0900,"2022-08-11",Series A,Kenya,42.00,"2026-09-20 19:53:21"
1102,Betterfly,Santiago,Healthcare,30,,"2022-08-11",Series C,Chile,204.00,"2026-09-20 19:53:21"
1103,Expert360,Sydney,Recruiting,7,,"2022-08-11",Series C,Australia,26.00,"2026-09-20 19:53:21"
1104,Guidewire,SF Bay Area,Finance,,0.0200,"2022-08-11",Post-IPO,United States,24.00,"2026-09-20 19:53:21"
1105,Trybe,Sao Paulo,Education,47,0.1000,"2022-08-10",Series B,Brazil,40.00,"2026-09-20 19:53:21"
1106,Permutive,London,Marketing,30,0.1200,"2022-08-10",Series C,United Kingdom,105.00,"2026-09-20 19:53:21"
1107,Homeward,Austin,Real Estate,,0.2000,"2022-08-10",Series B,United States,160.00,"2026-09-20 19:53:21"
1108,Pollen,London,Marketing,,1.0000,"2022-08-10",Series C,United Kingdom,238.00,"2026-09-20 19:53:21"
1109,Vedanta Biosciences,Boston,Healthcare,,0.2000,"2022-08-10",Series D,United States,301.00,"2026-09-20 19:53:21"
1110,GoHealth,Chicago,Healthcare,800,0.2000,"2022-08-09",Post-IPO,United States,75.00,"2026-09-20 19:53:21"
1111,Hootsuite,Vancouver,Marketing,400,0.3000,"2022-08-09",Series C,Canada,300.00,"2026-09-20 19:53:21"
1112,Nutanix,SF Bay Area,Infrastructure,270,0.0400,"2022-08-09",Post-IPO,United States,1100.00,"2026-09-20 19:53:21"
1113,Quanterix,Boston,Healthcare,130,0.2500,"2022-08-09",Post-IPO,United States,533.00,"2026-09-20 19:53:21"
1114,Wix,Tel Aviv,Marketing,100,,"2022-08-09",Post-IPO,Israel,58.00,"2026-09-20 19:53:21"
1115,MadeiraMadeira,Curitiba,Retail,60,0.0300,"2022-08-09",Series E,Brazil,338.00,"2026-09-20 19:53:21"
1116,Melio,New York City,Finance,60,,"2022-08-09",Series D,United States,504.00,"2026-09-20 19:53:21"
1117,Linktree,Melbourne,Consumer,50,0.1700,"2022-08-09",Unknown,Australia,165.00,"2026-09-20 19:53:21"
1118,Shogun,SF Bay Area,Retail,48,0.3000,"2022-08-09",Series C,United States,114.00,"2026-09-20 19:53:21"
1119,Absci,Vancouver,Healthcare,40,,"2022-08-09",Post-IPO,United States,237.00,"2026-09-20 19:53:21"
1120,Dooly,Vancouver,Sales,12,,"2022-08-09",Series B,Canada,102.00,"2026-09-20 19:53:21"
1121,Berkeley Lights,SF Bay Area,Healthcare,,0.1200,"2022-08-09",Post-IPO,United States,272.00,"2026-09-20 19:53:21"
1122,DailyPay,New York City,Finance,,0.1500,"2022-08-09",Unknown,United States,814.00,"2026-09-20 19:53:21"
1123,Haus,SF Bay Area,Food,,1.0000,"2022-08-09",Seed,United States,7.00,"2026-09-20 19:53:21"
1124,Kaltura,New York City,Media,,0.1000,"2022-08-09",Post-IPO,United States,166.00,"2026-09-20 19:53:21"
1125,Shift,SF Bay Area,Transportation,,,"2022-08-09",Post-IPO,United States,504.00,"2026-09-20 19:53:21"
1126,Sweetgreen,Los Angeles,Food,,,"2022-08-09",Post-IPO,United States,478.00,"2026-09-20 19:53:21"
1127,Groupon,Chicago,Retail,500,0.1500,"2022-08-08",Post-IPO,United States,1400.00,"2026-09-20 19:53:21"
1128,Loggi,Sao Paulo,Logistics,500,0.1500,"2022-08-08",Series F,Brazil,507.00,"2026-09-20 19:53:21"
1129,Vroom,New York City,Transportation,337,,"2022-08-08",Post-IPO,United States,1300.00,"2026-09-20 19:53:21"
1130,Warby Parker,New York City,Consumer,63,,"2022-08-08",Post-IPO,United States,535.00,"2026-09-20 19:53:21"
1131,Labelbox,SF Bay Area,Data,36,,"2022-08-08",Series D,United States,188.00,"2026-09-20 19:53:21"
1132,Perion,Tel Aviv,Marketing,20,0.0500,"2022-08-08",Post-IPO,Israel,76.00,"2026-09-20 19:53:21"
1133,Daily Harvest,New York City,Food,,0.1500,"2022-08-08",Series D,United States,120.00,"2026-09-20 19:53:21"
1134,DataRobot,Boston,Data,,,"2022-08-08",Series G,United States,1000.00,"2026-09-20 19:53:21"
1135,iRobot,Boston,Consumer,140,0.1000,"2022-08-05",Acquired,United States,30.00,"2026-09-20 19:53:21"
1136,Mejuri,Toronto,Retail,50,0.1000,"2022-08-05",Series B,Canada,28.00,"2026-09-20 19:53:21"
1137,Uberflip,Toronto,Marketing,31,0.1700,"2022-08-05",Series A,Canada,42.00,"2026-09-20 19:53:21"
1138,Slync,Dallas,Logistics,,,"2022-08-05",Series B,United States,76.00,"2026-09-20 19:53:21"
1139,Talkdesk,SF Bay Area,Support,,,"2022-08-05",Series D,United States,497.00,"2026-09-20 19:53:21"
1140,Doma,SF Bay Area,Finance,250,0.1300,"2022-08-04",Post-IPO,United States,679.00,"2026-09-20 19:53:21"
1141,Article,Vancouver,Retail,216,0.1700,"2022-08-04",Series B,Canada,,"2026-09-20 19:53:21"
1142,Jam City,Los Angeles,Consumer,200,0.1700,"2022-08-04",Unknown,United States,652.00,"2026-09-20 19:53:21"
1143,"10X Genomics",SF Bay Area,Healthcare,100,0.0800,"2022-08-04",Post-IPO,United States,242.00,"2026-09-20 19:53:21"
1144,LEAD,Mumbai,Education,80,0.0400,"2022-08-04",Series E,India,166.00,"2026-09-20 19:53:21"
1145,Zendesk,SF Bay Area,Support,80,,"2022-08-04",Acquired,United States,85.00,"2026-09-20 19:53:21"
1146,On Deck,SF Bay Area,Education,73,0.3300,"2022-08-04",Series A,United States,20.00,"2026-09-20 19:53:21"
1147,RenoRun,Montreal,Construction,70,0.1200,"2022-08-04",Series B,Canada,163.00,"2026-09-20 19:53:21"
1148,RingCentral,SF Bay Area,Support,50,,"2022-08-04",Post-IPO,United States,44.00,"2026-09-20 19:53:21"
1149,Medly,New York City,Healthcare,,0.1600,"2022-08-04",Series C,United States,100.00,"2026-09-20 19:53:21"
1150,Nomad,Sao Paulo,Finance,,0.2000,"2022-08-04",Series B,Brazil,290.00,"2026-09-20 19:53:21"
1151,StubHub,SF Bay Area,Consumer,,,"2022-08-04",Acquired,United States,59.00,"2026-09-20 19:53:21"
1152,Weedmaps,Los Angeles,Other,,0.1000,"2022-08-04",Acquired,United States,,"2026-09-20 19:53:21"
1153,Zenius,Jakarta,Education,,0.3000,"2022-08-04",Series B,Indonesia,20.00,"2026-09-20 19:53:21"
1154,Healthcare.com,Miami,Healthcare,149,,"2022-08-03",Series C,United States,244.00,"2026-09-20 19:53:21"
1155,Unbounce,Vancouver,Marketing,47,0.2000,"2022-08-03",Series A,Canada,39.00,"2026-09-20 19:53:21"
1156,Beyond Meat,Los Angeles,Food,40,,"2022-08-03",Post-IPO,United States,122.00,"2026-09-20 19:53:21"
1157,The Org,New Delhi,HR,13,,"2022-08-03",Series B,United States,39.00,"2026-09-20 19:53:21"
1158,CarDekho,Gurugram,Transportation,,,"2022-08-03",Series E,India,497.00,"2026-09-20 19:53:21"
1159,Puppet,Portland,Infrastructure,,0.1500,"2022-08-03",Acquired,United States,189.00,"2026-09-20 19:53:21"
1160,SoundCloud,Berlin,Consumer,,0.2000,"2022-08-03",Unknown,Germany,542.00,"2026-09-20 19:53:21"
1161,Talkwalker,Luxembourg,Marketing,,0.1500,"2022-08-03",Private Equity,Luxembourg,9.00,"2026-09-20 19:53:21"
1162,Robinhood,SF Bay Area,Finance,713,0.2300,"2022-08-02",Post-IPO,United States,5600.00,"2026-09-20 19:53:21"
1163,Latch,New York City,Security,115,0.3700,"2022-08-02",Post-IPO,United States,342.00,"2026-09-20 19:53:21"
1164,Vedantu,Bengaluru,Education,100,,"2022-08-02",Series E,India,292.00,"2026-09-20 19:53:21"
1165,Seegrid,Pittsburgh,Logistics,90,,"2022-08-02",Unknown,United States,107.00,"2026-09-20 19:53:21"
1166,Nylas,SF Bay Area,Product,80,0.2500,"2022-08-02",Series C,United States,175.00,"2026-09-20 19:53:21"
1167,Outreach,Seattle,Sales,60,0.0500,"2022-08-02",Series G,United States,489.00,"2026-09-20 19:53:21"
1168,Sendy,Nairobi,Logistics,54,0.2000,"2022-08-02",Series B,Kenya,26.00,"2026-09-20 19:53:21"
1169,The Predictive Index,Boston,HR,40,,"2022-08-02",Acquired,United States,71.00,"2026-09-20 19:53:21"
1170,Sendy,Nairobi,Logistics,30,0.1000,"2022-08-02",Series B,Kenya,26.00,"2026-09-20 19:53:21"
1171,Stedi,Boulder,Product,23,0.3000,"2022-08-02",Series B,United States,75.00,"2026-09-20 19:53:21"
1172,Glossier,New York City,Retail,19,0.0800,"2022-08-02",Series E,United States,266.00,"2026-09-20 19:53:21"
1173,Butterfly Network,New Haven,Healthcare,,0.1000,"2022-08-02",Post-IPO,United States,530.00,"2026-09-20 19:53:21"
1174,FuboTV,New York City,Media,,,"2022-08-02",Post-IPO,United States,151.00,"2026-09-20 19:53:21"
1175,Hash,Sao Paulo,Finance,58,0.5000,"2022-08-01",Series C,Brazil,58.00,"2026-09-20 19:53:21"
1176,Classkick,Chicago,Education,,,"2022-08-01",Seed,United States,1.00,"2026-09-20 19:53:21"
1177,DeHaat,Gurugram,Food,,,"2022-08-01",Series D,India,194.00,"2026-09-20 19:53:21"
1178,OnlyFans,London,Media,,,"2022-08-01",Unknown,United Kingdom,,"2026-09-20 19:53:21"
1179,Oracle,SF Bay Area,Other,,,"2022-08-01",Post-IPO,United States,,"2026-09-20 19:53:21"
1180,Perceptive Automata,Boston,Transportation,,1.0000,"2022-08-01",Series A,United States,20.00,"2026-09-20 19:53:21"
1181,Whereby,Oslo,Other,,,"2022-08-01",Series A,Norway,10.00,"2026-09-20 19:53:21"
1182,Metigy,Sydney,Marketing,75,1.0000,"2022-07-31",Series B,Australia,18.00,"2026-09-20 19:53:21"
1183,Vee,Tel Aviv,HR,16,0.3200,"2022-07-31",Seed,Israel,15.00,"2026-09-20 19:53:21"
1184,Gatherly,Atlanta,Marketing,,0.5000,"2022-07-31",Unknown,United States,,"2026-09-20 19:53:21"
1185,Ola,Bengaluru,Transportation,1000,,"2022-07-29",Series J,India,5000.00,"2026-09-20 19:53:21"
1186,Clearco,Toronto,Fin-Tech,125,0.2500,"2022-07-29",Series C,Canada,681.00,"2026-09-20 19:53:21"
1187,Imperfect Foods,SF Bay Area,Food,50,,"2022-07-29",Series D,United States,229.00,"2026-09-20 19:53:21"
1188,Shelf Engine,Seattle,Food,43,,"2022-07-29",Series B,United States,58.00,"2026-09-20 19:53:21"
1189,Quantcast,SF Bay Area,Marketing,40,0.0600,"2022-07-29",Series C,United States,65.00,"2026-09-20 19:53:21"
1190,Sherpa,Toronto,Travel,22,,"2022-07-29",Unknown,Canada,11.00,"2026-09-20 19:53:21"
1191,CoinFLEX,Victoria,Crypto,,,"2022-07-29",Unknown,Seychelles,11.00,"2026-09-20 19:53:21"
1192,MissFresh,Beijing,Food,,,"2022-07-29",Post-IPO,China,1700.00,"2026-09-20 19:53:21"
1193,Yabonza,Sydney,Real Estate,,1.0000,"2022-07-29",Unknown,Australia,6.00,"2026-09-20 19:53:21"
1194,Ribbon,New York City,Real Estate,136,,"2022-07-28",Series C,United States,405.00,"2026-09-20 19:53:21"
1195,Career Karma,SF Bay Area,Education,60,0.3300,"2022-07-28",Series B,United States,51.00,"2026-09-20 19:53:21"
1196,Metromile,SF Bay Area,Finance,60,0.2000,"2022-07-28",Acquired,United States,510.00,"2026-09-20 19:53:21"
1197,Laybuy,Auckland,Finance,45,,"2022-07-28",Post-IPO,New Zealand,130.00,"2026-09-20 19:53:21"
1198,Allbirds,SF Bay Area,Retail,23,,"2022-07-28",Post-IPO,United States,202.00,"2026-09-20 19:53:21"
1199,TextNow,Waterloo,Consumer,22,,"2022-07-28",Seed,Canada,1.00,"2026-09-20 19:53:21"
1200,"2U",Washington D.C.,Education,,0.2000,"2022-07-28",Post-IPO,United States,426.00,"2026-09-20 19:53:21"
1201,Bikayi,Bengaluru,Retail,,,"2022-07-28",Series A,India,12.00,"2026-09-20 19:53:21"
1202,Brainbase,Los Angeles,Sales,,,"2022-07-28",Series A,United States,12.00,"2026-09-20 19:53:21"
1203,Change.org,SF Bay Area,Other,,0.1900,"2022-07-28",Series D,United States,72.00,"2026-09-20 19:53:21"
1204,Tapas Media,SF Bay Area,Media,,,"2022-07-28",Acquired,United States,17.00,"2026-09-20 19:53:21"
1205,Turntide,SF Bay Area,Energy,,0.2000,"2022-07-28",Unknown,United States,491.00,"2026-09-20 19:53:21"
1206,Rivian,Detroit,Transportation,840,0.0600,"2022-07-27",Post-IPO,United States,10700.00,"2026-09-20 19:53:21"
1207,Vox Media,Washington D.C.,Media,39,0.0200,"2022-07-27",Series F,United States,307.00,"2026-09-20 19:53:21"
1208,Coinsquare,Toronto,Crypto,30,0.2400,"2022-07-27",Unknown,Canada,98.00,"2026-09-20 19:53:21"
1209,Skai,Tel Aviv,Marketing,30,0.0400,"2022-07-27",Series E,Israel,60.00,"2026-09-20 19:53:21"
1210,Shopify,Ottawa,Retail,1000,0.1000,"2022-07-26",Post-IPO,Canada,122.00,"2026-09-20 19:53:21"
1211,McMakler,Berlin,Real Estate,90,,"2022-07-26",Unknown,Germany,214.00,"2026-09-20 19:53:21"
1212,Fiverr,Tel Aviv,Other,60,0.0800,"2022-07-26",Post-IPO,Israel,111.00,"2026-09-20 19:53:21"
1213,InDebted,Sydney,Finance,40,0.1700,"2022-07-26",Series B,Australia,41.00,"2026-09-20 19:53:21"
1214,Outbrain,New York City,Marketing,38,0.0300,"2022-07-26",Post-IPO,United States,394.00,"2026-09-20 19:53:21"
1215,Dover,SF Bay Area,Recruiting,23,0.3000,"2022-07-26",Series A,United States,22.00,"2026-09-20 19:53:21"
1216,Immutable,Sydney,Crypto,20,0.0600,"2022-07-26",Series C,Australia,279.00,"2026-09-20 19:53:21"
1217,Zymergen,SF Bay Area,Other,80,,"2022-07-25",Acquired,United States,974.00,"2026-09-20 19:53:21"
1218,Pear Therapeutics,Boston,Healthcare,25,0.0900,"2022-07-25",Post-IPO,United States,409.00,"2026-09-20 19:53:21"
1219,Included Health,SF Bay Area,Healthcare,,0.0600,"2022-07-25",Series E,United States,272.00,"2026-09-20 19:53:21"
1220,Soluto,Tel Aviv,Support,120,1.0000,"2022-07-24",Acquired,Israel,18.00,"2026-09-20 19:53:21"
1221,Eucalyptus,Sydney,Healthcare,50,0.2000,"2022-07-22",Series C,United States,69.00,"2026-09-20 19:53:21"
1222,Workstream,SF Bay Area,HR,45,,"2022-07-22",Series B,United States,58.00,"2026-09-20 19:53:21"
1223,Quanto,Sao Paulo,Finance,28,0.2200,"2022-07-22",Series A,Brazil,15.00,"2026-09-20 19:53:21"
1224,Clarify Health,SF Bay Area,Healthcare,15,0.0500,"2022-07-22",Series D,United States,328.00,"2026-09-20 19:53:21"
1225,Arete,Miami,Security,,,"2022-07-22",Unknown,United States,,"2026-09-20 19:53:21"
1226,Boosted Commerce,Los Angeles,Retail,,0.0500,"2022-07-22",Series B,United States,137.00,"2026-09-20 19:53:21"
1227,Owlet,Lehi,Healthcare,,,"2022-07-22",Post-IPO,United States,178.00,"2026-09-20 19:53:21"
1228,People.ai,SF Bay Area,Sales,,,"2022-07-22",Series D,United States,200.00,"2026-09-20 19:53:21"
1229,Wizeline,SF Bay Area,Product,,,"2022-07-22",Acquired,United States,62.00,"2026-09-20 19:53:21"
1230,Blockchain.com,London,Crypto,150,0.2500,"2022-07-21",Series D,United Kingdom,490.00,"2026-09-20 19:53:21"
1231,Callisto Media,SF Bay Area,Media,140,0.3500,"2022-07-21",Series D,United States,,"2026-09-20 19:53:21"
1232,AppGate,Miami,Security,130,0.2200,"2022-07-21",Post-IPO,United States,,"2026-09-20 19:53:21"
1233,WHOOP,Boston,Fitness,95,0.1500,"2022-07-21",Series F,United States,404.00,"2026-09-20 19:53:21"
1234,Rad Power Bikes,Seattle,Transportation,63,0.1000,"2022-07-21",Series D,United States,329.00,"2026-09-20 19:53:21"
1235,Lunchbox,New York City,Food,60,0.3300,"2022-07-21",Series B,United States,72.00,"2026-09-20 19:53:21"
1236,RealSelf,Seattle,Healthcare,11,0.0500,"2022-07-21",Series B,United States,42.00,"2026-09-20 19:53:21"
1237,"98point6",Seattle,Healthcare,,0.1000,"2022-07-21",Series E,United States,247.00,"2026-09-20 19:53:21"
1238,Catalyst,New York City,Support,,,"2022-07-21",Series B,United States,45.00,"2026-09-20 19:53:21"
1239,InVision,New York City,Product,,0.5000,"2022-07-21",Series F,United States,356.00,"2026-09-20 19:53:21"
1240,Mural,SF Bay Area,Product,,,"2022-07-21",Series C,United States,192.00,"2026-09-20 19:53:21"
1241,Smarsh,Portland,Other,,,"2022-07-21",Private Equity,United States,,"2026-09-20 19:53:21"
1242,Just Eat Takeaway,Amsterdam,Food,390,,"2022-07-20",Post-IPO,Netherlands,2800.00,"2026-09-20 19:53:21"
1243,Flyhomes,Seattle,Real Estate,200,0.2000,"2022-07-20",Series C,United States,310.00,"2026-09-20 19:53:21"
1244,Varo,SF Bay Area,Finance,75,,"2022-07-20",Series E,United States,992.00,"2026-09-20 19:53:21"
1245,BlueStacks,SF Bay Area,Other,60,,"2022-07-20",Series C,United States,48.00,"2026-09-20 19:53:21"
1246,Lyft,SF Bay Area,Transportation,60,0.0200,"2022-07-20",Post-IPO,United States,4900.00,"2026-09-20 19:53:21"
1247,Introhive,Ferdericton,Sales,57,0.1600,"2022-07-20",Series C,Canada,125.00,"2026-09-20 19:53:21"
1248,Zencity,Tel Aviv,Other,30,0.2000,"2022-07-20",Unknown,Israel,51.00,"2026-09-20 19:53:21"
1249,Splice,New York City,Media,23,,"2022-07-20",Series D,United States,159.00,"2026-09-20 19:53:21"
1250,Forma.ai,Toronto,Sales,15,0.0900,"2022-07-20",Series B,Canada,58.00,"2026-09-20 19:53:21"
1251,Arc,SF Bay Area,HR,13,,"2022-07-20",Seed,United States,1.00,"2026-09-20 19:53:21"
1252,Invitae,SF Bay Area,Healthcare,1000,,"2022-07-19",Post-IPO,United States,2000.00,"2026-09-20 19:53:21"
1253,Olive,Columbus,Healthcare,450,0.3100,"2022-07-19",Series H,United States,856.00,"2026-09-20 19:53:21"
1254,M1,Chicago,Finance,38,,"2022-07-19",Series E,United States,323.00,"2026-09-20 19:53:21"
1255,SellerX,Berlin,Retail,28,,"2022-07-19",Unknown,Germany,766.00,"2026-09-20 19:53:21"
1256,Stint,London,HR,28,0.2000,"2022-07-19",Unknown,United Kingdom,,"2026-09-20 19:53:21"
1257,Capsule,New York City,Healthcare,,0.1300,"2022-07-19",Series D,United States,570.00,"2026-09-20 19:53:21"
1258,PACT Pharma,SF Bay Area,Healthcare,94,,"2022-07-18",Series C,United States,200.00,"2026-09-20 19:53:21"
1259,Gemini,New York City,CryptoCurrency,68,0.0700,"2022-07-18",Unknown,United States,423.00,"2026-09-20 19:53:21"
1260,Lusha,New York City,Marketing,30,0.1000,"2022-07-18",Series B,United States,245.00,"2026-09-20 19:53:21"
1261,Elemy,SF Bay Area,Healthcare,,,"2022-07-18",Series B,United States,323.00,"2026-09-20 19:53:21"
1262,Freshly,New York City,Food,,0.2500,"2022-07-18",Acquired,United States,107.00,"2026-09-20 19:53:21"
1263,Hydrow,Boston,Fitness,,0.3500,"2022-07-18",Series D,United States,269.00,"2026-09-20 19:53:21"
1264,TikTok,Los Angeles,Consumer,,,"2022-07-18",Acquired,United States,,"2026-09-20 19:53:21"
1265,Vimeo,New York City,Consumer,,0.0600,"2022-07-18",Post-IPO,United States,450.00,"2026-09-20 19:53:21"
1266,Bright Money,Bengaluru,Finance,100,0.5000,"2022-07-15",Series A,India,31.00,"2026-09-20 19:53:21"
1267,Project44,Chicago,Logistics,63,0.0500,"2022-07-15",Unknown,United States,817.00,"2026-09-20 19:53:21"
1268,Heroes,London,Retail,24,0.2000,"2022-07-15",Unknown,United States,265.00,"2026-09-20 19:53:21"
1269,Aspire,SF Bay Area,Marketing,23,,"2022-07-15",Series A,United States,27.00,"2026-09-20 19:53:21"
1270,StyleSeat,SF Bay Area,Consumer,,0.1700,"2022-07-15",Series C,United States,40.00,"2026-09-20 19:53:21"
1271,Zego,London,Finance,85,0.1700,"2022-07-14",Series C,United Kingdom,202.00,"2026-09-20 19:53:21"
1272,The Mom Project,Chicago,HR,54,0.1500,"2022-07-14",Series C,United States,115.00,"2026-09-20 19:53:21"
1273,Unstoppable Domains,SF Bay Area,Crypto Currency,42,0.2500,"2022-07-14",Series B,United States,7.00,"2026-09-20 19:53:21"
1274,Kiavi,SF Bay Area,Real Estate,39,0.0700,"2022-07-14",Series E,United States,240.00,"2026-09-20 19:53:21"
1275,Alto Pharmacy,SF Bay Area,Healthcare,,,"2022-07-14",Series E,United States,560.00,"2026-09-20 19:53:21"
1276,Cosuno,Berlin,Construction,,,"2022-07-14",Series B,Germany,45.00,"2026-09-20 19:53:21"
1277,OpenSea,New York City,Crypto,,0.2000,"2022-07-14",Series C,United States,427.00,"2026-09-20 19:53:21"
1278,Wave,Dakar,Finance,300,0.1500,"2022-07-13",Series A,Senegal,292.00,"2026-09-20 19:53:21"
1279,Tonal,SF Bay Area,Fitness,262,0.3500,"2022-07-13",Series E,United States,450.00,"2026-09-20 19:53:21"
1280,Fabric,New York City,Logistics,120,0.4000,"2022-07-13",Series C,United States,336.00,"2026-09-20 19:53:21"
1281,Bryter,Berlin,Product,100,0.3000,"2022-07-13",Series B,Germany,89.00,"2026-09-20 19:53:21"
1282,ChowNow,Los Angeles,Food,100,0.2000,"2022-07-13",Series C,United States,64.00,"2026-09-20 19:53:21"
1283,Involves,Florianópolis,Retail,70,0.1800,"2022-07-13",Unknown,Brazil,23.00,"2026-09-20 19:53:21"
1284,"100 Thieves",Los Angeles,Consumer,12,,"2022-07-13",Series C,United States,120.00,"2026-09-20 19:53:21"
1285,Nuro,SF Bay Area,Transportation,7,,"2022-07-13",Series D,United States,2100.00,"2026-09-20 19:53:21"
1286,Arrival,London,Transportation,,0.3000,"2022-07-13",Post-IPO,United Kingdom,629.00,"2026-09-20 19:53:21"
1287,CircleUp,SF Bay Area,Finance,,,"2022-07-13",Series C,United States,53.00,"2026-09-20 19:53:21"
1288,Papa,Miami,Other,,0.1500,"2022-07-13",Series D,United States,241.00,"2026-09-20 19:53:21"
1289,Gopuff,Philadelphia,Food,1500,0.1000,"2022-07-12",Series H,United States,3400.00,"2026-09-20 19:53:21"
1290,Fraazo,Mumbai,Food,150,,"2022-07-12",Series B,India,63.00,"2026-09-20 19:53:21"
1291,Babylon,London,Healthcare,100,,"2022-07-12",Post-IPO,United Kingdom,1100.00,"2026-09-20 19:53:21"
1292,Hubilo,SF Bay Area,Marketing,45,0.1200,"2022-07-12",Series B,United States,153.00,"2026-09-20 19:53:21"
1293,Airlift,Lahore,Logistics,,1.0000,"2022-07-12",Series B,Pakistan,109.00,"2026-09-20 19:53:21"
1294,Microsoft,Seattle,Other,,,"2022-07-12",Post-IPO,United States,1.00,"2026-09-20 19:53:21"
1295,Spring,SF Bay Area,Retail,,,"2022-07-12",Unknown,United States,61.00,"2026-09-20 19:53:21"
1296,Hopin,London,Other,242,0.2900,"2022-07-11",Series D,United Kingdom,1000.00,"2026-09-20 19:53:21"
1297,Alice,Sao Paulo,Healthcare,63,,"2022-07-11",Series C,Brazil,174.00,"2026-09-20 19:53:21"
1298,SundaySky,New York City,Marketing,24,0.1300,"2022-07-11",Series D,United States,74.00,"2026-09-20 19:53:21"
1299,Apeel Sciences,Santa Barbara,Food,,,"2022-07-11",Series E,United States,640.00,"2026-09-20 19:53:21"
1300,Forward,SF Bay Area,Healthcare,,0.0500,"2022-07-11",Series D,United States,225.00,"2026-09-20 19:53:21"
1301,Ignite,SF Bay Area,Crypto,,0.5000,"2022-07-11",Series A,United States,9.00,"2026-09-20 19:53:21"
1302,Nextbite,Denver,Food,,,"2022-07-09",Series C,United States,150.00,"2026-09-20 19:53:21"
1303,PuduTech,Shenzen,Other,1500,,"2022-07-08",Series C,China,184.00,"2026-09-20 19:53:21"
1304,Butler Hospitality,New York City,Food,1000,1.0000,"2022-07-08",Series B,United States,50.00,"2026-09-20 19:53:21"
1305,Calibrate,New York City,Healthcare,156,0.2400,"2022-07-08",Series B,United States,127.00,"2026-09-20 19:53:21"
1306,NextRoll,SF Bay Area,Marketing,,0.0300,"2022-07-08",Unknown,United States,108.00,"2026-09-20 19:53:21"
1307,Argo AI,Pittsburgh,Transportation,150,0.0500,"2022-07-07",Unknown,United States,3600.00,"2026-09-20 19:53:21"
1308,Next Insurance,SF Bay Area,Finance,150,0.1700,"2022-07-07",Series E,United States,881.00,"2026-09-20 19:53:21"
1309,Adwerx,Durham,Marketing,40,,"2022-07-07",Unknown,United States,20.00,"2026-09-20 19:53:21"
1310,Emotive,Los Angeles,Marketing,30,0.1800,"2022-07-07",Series B,United States,78.00,"2026-09-20 19:53:21"
1311,Cedar,New York City,Healthcare,,0.2400,"2022-07-07",Series D,United States,351.00,"2026-09-20 19:53:21"
1312,Twitter,SF Bay Area,Consumer,,,"2022-07-07",Post-IPO,United States,5700.00,"2026-09-20 19:53:21"
1313,Remote,SF Bay Area,HR,100,0.0900,"2022-07-06",Series C,United States,496.00,"2026-09-20 19:53:21"
1314,Shopify,Ottawa,Retail,50,,"2022-07-06",Post-IPO,Canada,122.00,"2026-09-20 19:53:21"
1315,Anodot,Tel Aviv,Data,35,0.2700,"2022-07-06",Series C,United States,64.00,"2026-09-20 19:53:21"
1316,SQream,New York City,Data,30,0.1800,"2022-07-06",Series B,United States,77.00,"2026-09-20 19:53:21"
1317,Motif Foodworks,Boston,Food,,,"2022-07-06",Series B,United States,344.00,"2026-09-20 19:53:21"
1318,Loft,Sao Paulo,Real Estate,384,0.1200,"2022-07-05",Unknown,Brazil,788.00,"2026-09-20 19:53:21"
1319,Bizzabo,New York City,Marketing,120,0.3000,"2022-07-05",Series E,United States,194.00,"2026-09-20 19:53:21"
1320,eToro,Tel Aviv,Finance,100,0.0600,"2022-07-05",Unknown,Israel,322.00,"2026-09-20 19:53:21"
1321,Verbit,New York City,Data,80,0.1000,"2022-07-05",Series E,United States,569.00,"2026-09-20 19:53:21"
1322,Outschool,SF Bay Area,Education,31,0.1800,"2022-07-05",Series D,United States,240.00,"2026-09-20 19:53:21"
1323,Bullish,Hong Kong,Crypto,30,0.0800,"2022-07-05",Unknown,Hong Kong,300.00,"2026-09-20 19:53:21"
1324,Transmit Security,Boston,Security,27,0.0700,"2022-07-05",Series A,United States,583.00,"2026-09-20 19:53:21"
1325,Thimble,New York City,Fin-Tech,20,0.3300,"2022-07-05",Series A,United States,28.00,"2026-09-20 19:53:21"
1326,Syte,Tel Aviv,Retail,13,0.0800,"2022-07-05",Series C,Israel,71.00,"2026-09-20 19:53:21"
1327,Lightricks,Jerusalem,Consumer,80,0.1200,"2022-07-04",Series D,Israel,335.00,"2026-09-20 19:53:21"
1328,Chessable,London,Consumer,29,,"2022-07-04",Acquired,United Kingdom,0.00,"2026-09-20 19:53:21"
1329,Sendle,Sydney,Logistics,27,0.1200,"2022-07-04",Series C,Australia,69.00,"2026-09-20 19:53:21"
1330,Lendis,Berlin,Other,18,0.1500,"2022-07-04",Series A,Germany,90.00,"2026-09-20 19:53:21"
1331,Airtasker,Sydney,Consumer,,,"2022-07-04",Series C,Australia,26.00,"2026-09-20 19:53:21"
1332,Gorillas,Berlin,Food,540,,"2022-07-03",Series C,Germany,1300.00,"2026-09-20 19:53:21"
1333,Celsius,New York City,Crypto,150,0.2500,"2022-07-03",Series B,United States,864.00,"2026-09-20 19:53:21"
1334,LetsGetChecked,New York City,Healthcare,,,"2022-07-02",Series D,United States,263.00,"2026-09-20 19:53:21"
1335,Perx Health,Sydney,Healthcare,,,"2022-07-02",Seed,Australia,2.00,"2026-09-20 19:53:21"
1336,Zepto,Brisbane,Finance,,0.1000,"2022-07-02",Series A,Australia,25.00,"2026-09-20 19:53:21"
1337,WanderJaunt,SF Bay Area,Travel,85,1.0000,"2022-07-01",Series B,United States,26.00,"2026-09-20 19:53:21"
1338,Canoo,Los Angeles,Transportation,58,0.0600,"2022-07-01",Post-IPO,United States,300.00,"2026-09-20 19:53:21"
1339,Bamboo Health,Louisville,Healthcare,52,,"2022-07-01",Unknown,United States,,"2026-09-20 19:53:21"
1340,Teleport,SF Bay Area,Infrastructure,15,0.0600,"2022-07-01",Series C,United States,169.00,"2026-09-20 19:53:21"
1341,Remesh,New York City,Support,,,"2022-07-01",Series A,United States,38.00,"2026-09-20 19:53:21"
1342,Enjoy,SF Bay Area,Retail,400,0.1800,"2022-06-30",Post-IPO,United States,310.00,"2026-09-20 19:53:21"
1343,Crejo.Fun,Bengaluru,Education,170,1.0000,"2022-06-30",Seed,India,3.00,"2026-09-20 19:53:21"
1344,Stash Financial,New York City,Finance,40,0.0800,"2022-06-30",Unknown,United States,480.00,"2026-09-20 19:53:21"
1345,Nate,New York City,Retail,30,0.2000,"2022-06-30",Series A,United States,47.00,"2026-09-20 19:53:21"
1346,Snyk,Boston,Security,30,,"2022-06-30",Series F,United States,849.00,"2026-09-20 19:53:21"
1347,Stream,Boulder,Product,20,0.1200,"2022-06-30",Series B,United States,58.00,"2026-09-20 19:53:21"
1348,Finleap Connect,Hamburg,Finance,14,0.1000,"2022-06-30",Series A,Germany,22.00,"2026-09-20 19:53:21"
1349,Abra,SF Bay Area,Crypto,12,0.0500,"2022-06-30",Series C,United States,106.00,"2026-09-20 19:53:21"
1350,Gavelytics,Los Angeles,Legal,,1.0000,"2022-06-30",Seed,United States,5.00,"2026-09-20 19:53:21"
1351,Secfi,SF Bay Area,Finance,,,"2022-06-30",Series A,United States,7.00,"2026-09-20 19:53:21"
1352,Sundae,SF Bay Area,Real Estate,,0.1500,"2022-06-30",Series C,United States,135.00,"2026-09-20 19:53:21"
1353,Toppr,Mumbai,Education,350,,"2022-06-29",Acquired,India,112.00,"2026-09-20 19:53:21"
1354,Unity,SF Bay Area,Other,200,0.0400,"2022-06-29",Post-IPO,United States,1300.00,"2026-09-20 19:53:21"
1355,Niantic,SF Bay Area,Consumer,85,0.0800,"2022-06-29",Series D,United States,770.00,"2026-09-20 19:53:21"
1356,AvantStay,Los Angeles,Travel,80,,"2022-06-29",Unknown,United States,811.00,"2026-09-20 19:53:21"
1357,Qumulo,Seattle,Data,80,0.1900,"2022-06-29",Series E,United States,347.00,"2026-09-20 19:53:21"
1358,Clutch,Toronto,Transportation,76,0.2200,"2022-06-29",Series B,Canada,153.00,"2026-09-20 19:53:21"
1359,Parallel Wireless,Nashua,Infrastructure,60,,"2022-06-29",Unknown,United States,8.00,"2026-09-20 19:53:21"
1360,Oye Rickshaw,New Delhi,Transportation,40,0.2000,"2022-06-29",Unknown,India,13.00,"2026-09-20 19:53:21"
1361,Rows,Berlin,Other,18,0.3000,"2022-06-29",Series B,Germany,25.00,"2026-09-20 19:53:21"
1362,Baton,SF Bay Area,Transportation,16,0.2500,"2022-06-29",Series A,United States,13.00,"2026-09-20 19:53:21"
1363,Substack,SF Bay Area,Media,13,0.1400,"2022-06-29",Series B,United States,82.00,"2026-09-20 19:53:21"
1364,CommentSold,Huntsville,Retail,,,"2022-06-29",Unknown,United States,,"2026-09-20 19:53:21"
1365,Degreed,SF Bay Area,Education,,0.1500,"2022-06-29",Series D,United States,411.00,"2026-09-20 19:53:21"
1366,HomeLight,SF Bay Area,Real Estate,,0.1900,"2022-06-29",Series D,United States,743.00,"2026-09-20 19:53:21"
1367,Modsy,SF Bay Area,Retail,,,"2022-06-29",Series C,United States,72.00,"2026-09-20 19:53:21"
1368,Volt Bank,Sydney,Finance,,1.0000,"2022-06-29",Series E,Australia,90.00,"2026-09-20 19:53:21"
1369,Huobi,Beijing,Crypto,300,0.3000,"2022-06-28",Unknown,China,2.00,"2026-09-20 19:53:21"
1370,WhiteHat Jr,Mumbai,Education,300,,"2022-06-28",Acquired,India,11.00,"2026-09-20 19:53:21"
1371,StockX,Detroit,Retail,120,0.0800,"2022-06-28",Series E,United States,690.00,"2026-09-20 19:53:21"
1372,Sidecar Health,Los Angeles,Healthcare,110,0.4000,"2022-06-28",Series C,United States,163.00,"2026-09-20 19:53:21"
1373,StockX,Detroit,Retail,80,,"2022-06-28",Series E,United States,690.00,"2026-09-20 19:53:21"
1374,Vezeeta,Dubai,Healthcare,50,0.1000,"2022-06-28",Series D,United Arab Emirates,71.00,"2026-09-20 19:53:21"
1375,Bright Machines,SF Bay Area,Data,30,0.0800,"2022-06-28",Unknown,Israel,250.00,"2026-09-20 19:53:21"
1376,HealthMatch,Sydney,Healthcare,18,0.5000,"2022-06-28",Series B,Australia,20.00,"2026-09-20 19:53:21"
1377,Booktopia,Sydney,Retail,,,"2022-06-28",Series A,Australia,23.00,"2026-09-20 19:53:21"
1378,Nova Benefits,Bengaluru,Healthcare,,0.3000,"2022-06-28",Series B,India,41.00,"2026-09-20 19:53:21"
1379,Una Brands,Singapore,Retail,,0.1000,"2022-06-28",Series A,Singapore,55.00,"2026-09-20 19:53:21"
1380,AppLovin,SF Bay Area,Marketing,300,0.1200,"2022-06-27",Post-IPO,United States,1600.00,"2026-09-20 19:53:21"
1381,UiPath,New York City,Data,210,0.0500,"2022-06-27",Post-IPO,United States,2000.00,"2026-09-20 19:53:21"
1382,Udaan,Bengaluru,Retail,180,0.0400,"2022-06-27",Unknown,India,1500.00,"2026-09-20 19:53:21"
1383,Cue,San Diego,Healthcare,170,,"2022-06-27",Post-IPO,United States,999.00,"2026-09-20 19:53:21"
1384,Banxa,Melbourne,Crypto,70,0.3000,"2022-06-27",Post-IPO,Australia,13.00,"2026-09-20 19:53:21"
1385,SafeGraph,SF Bay Area,Data,27,0.2500,"2022-06-27",Series B,United States,61.00,"2026-09-20 19:53:21"
1386,Amount,Chicago,Finance,,0.1800,"2022-06-27",Unknown,United States,283.00,"2026-09-20 19:53:21"
1387,Postscript,SF Bay Area,Marketing,43,,"2022-06-26",Series C,United States,106.00,"2026-09-20 19:53:21"
1388,Bitpanda,Vienna,Crypto,270,0.2700,"2022-06-24",Series C,Austria,546.00,"2026-09-20 19:53:21"
1389,Sunday,Atlanta,Finance,90,0.2300,"2022-06-24",Series A,United States,124.00,"2026-09-20 19:53:21"
1390,Bestow,Dallas,Finance,41,0.1400,"2022-06-24",Series C,United States,137.00,"2026-09-20 19:53:21"
1391,Ethos Life,SF Bay Area,Finance,40,0.1200,"2022-06-24",Series D,United States,406.00,"2026-09-20 19:53:21"
1392,Feather,New York City,Retail,,,"2022-06-24",Unknown,United States,76.00,"2026-09-20 19:53:21"
1393,Give Legacy,Boston,Healthcare,,,"2022-06-24",Series B,United States,45.00,"2026-09-20 19:53:21"
1394,Netflix,SF Bay Area,Media,300,0.0300,"2022-06-23",Post-IPO,United States,121900.00,"2026-09-20 19:53:21"
1395,Aura,Boston,Security,70,0.0900,"2022-06-23",Series F,United States,500.00,"2026-09-20 19:53:21"
1396,Pipl,Spokane,Security,22,0.1300,"2022-06-23",Unknown,United States,19.00,"2026-09-20 19:53:21"
1397,Vouch,SF Bay Area,Finance,15,0.0700,"2022-06-23",Series C,United States,159.00,"2026-09-20 19:53:21"
1398,Voyage SMS,Los Angeles,Marketing,8,0.1300,"2022-06-23",Unknown,United States,10.00,"2026-09-20 19:53:21"
1399,Esper,Seattle,Other,,0.1200,"2022-06-23",Series A,United States,10.00,"2026-09-20 19:53:21"
1400,Kune,Nairobi,Food,,1.0000,"2022-06-23",Seed,Kenya,1.00,"2026-09-20 19:53:21"
1401,Mark43,New York City,Other,,,"2022-06-23",Series E,United States,229.00,"2026-09-20 19:53:21"
1402,Orchard,New York City,Real Estate,,0.1000,"2022-06-23",Series D,United States,472.00,"2026-09-20 19:53:21"
1403,Ro,New York City,Healthcare,,0.1800,"2022-06-23",Unknown,United States,1000.00,"2026-09-20 19:53:21"
1404,StreamElements,Tel Aviv,Media,,0.2000,"2022-06-23",Series B,Israel,111.00,"2026-09-20 19:53:21"
1405,MasterClass,SF Bay Area,Education,120,0.2000,"2022-06-22",Series E,United States,461.00,"2026-09-20 19:53:21"
1406,IronNet,Washington D.C.,Security,90,0.3500,"2022-06-22",Post-IPO,United States,410.00,"2026-09-20 19:53:21"
1407,Bungalow,SF Bay Area,Real Estate,70,,"2022-06-22",Series C,United States,171.00,"2026-09-20 19:53:21"
1408,IronNet,Washington D.C.,Security,55,0.1700,"2022-06-22",Post-IPO,United States,410.00,"2026-09-20 19:53:21"
1409,Sprinklr,New York City,Support,50,,"2022-06-22",Post-IPO,United States,429.00,"2026-09-20 19:53:21"
1410,Superpedestrian,Boston,Transportation,35,0.0700,"2022-06-22",Series C,United States,261.00,"2026-09-20 19:53:21"
1411,Voi,Stockholm,Transportation,35,0.1000,"2022-06-22",Series D,United States,515.00,"2026-09-20 19:53:21"
1412,Balto,St. Louis,Sales,30,,"2022-06-22",Series B,United States,51.00,"2026-09-20 19:53:21"
1413,Ritual,Toronto,Food,23,0.1600,"2022-06-22",Series C,Canada,134.00,"2026-09-20 19:53:21"
1414,Mindgeek,Luxembourg,Media,,,"2022-06-22",Unknown,Luxembourg,,"2026-09-20 19:53:21"
1415,Voly,Sydney,Food,,0.5000,"2022-06-22",Seed,Australia,13.00,"2026-09-20 19:53:21"
1416,Ebanx,Curitiba,Finance,340,0.2000,"2022-06-21",Series B,Brazil,460.00,"2026-09-20 19:53:21"
1417,TaskUs,Los Angeles,Support,52,0.0000,"2022-06-21",Post-IPO,United States,279.00,"2026-09-20 19:53:21"
1418,Community,Los Angeles,Marketing,40,0.3000,"2022-06-21",Unknown,United States,40.00,"2026-09-20 19:53:21"
1419,Sourcegraph,SF Bay Area,Product,24,0.0800,"2022-06-21",Series D,United States,248.00,"2026-09-20 19:53:21"
1420,Frubana,Bogota,Food,,0.0300,"2022-06-21",Series C,Colombia,202.00,"2026-09-20 19:53:21"
1421,SuperLearn,Bengaluru,Education,,1.0000,"2022-06-21",Seed,India,0.00,"2026-09-20 19:53:21"
1422,Tray.io,SF Bay Area,Data,,0.1000,"2022-06-21",Series C,United States,109.00,"2026-09-20 19:53:21"
1423,Bybit,Singapore,Crypto,600,0.3000,"2022-06-20",Unknown,Singapore,,"2026-09-20 19:53:21"
1424,SummerBio,SF Bay Area,Healthcare,101,1.0000,"2022-06-20",Unknown,United States,7.00,"2026-09-20 19:53:21"
1425,Trax,Singapore,Retail,100,0.1200,"2022-06-20",Series E,Singapore,1000.00,"2026-09-20 19:53:21"
1426,Aqgromalin,Chennai,Food,80,0.3000,"2022-06-20",Unknown,India,12.00,"2026-09-20 19:53:21"
1427,Bonsai,Toronto,Retail,30,0.5500,"2022-06-20",Series A,Canada,27.00,"2026-09-20 19:53:21"
1428,Brighte,Sydney,Energy,30,0.1500,"2022-06-20",Series C,Australia,145.00,"2026-09-20 19:53:21"
1429,Buzzer,New York City,Media,,0.2000,"2022-06-20",Unknown,United States,32.00,"2026-09-20 19:53:21"
1430,Bybit,Singapore,Crypto,,,"2022-06-20",Unknown,Singapore,,"2026-09-20 19:53:21"
1431,CityMall,Gurugram,Retail,191,0.3000,"2022-06-19",Series C,India,112.00,"2026-09-20 19:53:21"
1432,BitOasis,Dubai,Crypto,9,0.0500,"2022-06-19",Series B,United Arab Emirates,30.00,"2026-09-20 19:53:21"
1433,Unacademy,Bengaluru,Education,150,0.0300,"2022-06-18",Series H,India,838.00,"2026-09-20 19:53:21"
1434,Bytedance,Shanghai,Consumer,150,,"2022-06-17",Unknown,China,9400.00,"2026-09-20 19:53:21"
1435,Socure,Reno,Finance,69,0.1300,"2022-06-17",Series E,United States,646.00,"2026-09-20 19:53:21"
1436,Finite State,Columbus,Security,16,0.2000,"2022-06-17",Series B,United States,49.00,"2026-09-20 19:53:21"
1437,JOKR,New York City,Food,50,0.0500,"2022-06-16",Series B,United States,430.00,"2026-09-20 19:53:21"
1438,Zumper,SF Bay Area,Real Estate,45,0.1500,"2022-06-16",Series D,United States,178.00,"2026-09-20 19:53:21"
1439,PharmEasy,Mumbai,Healthcare,40,,"2022-06-16",Unknown,India,1600.00,"2026-09-20 19:53:21"
1440,Circulo Health,Columbus,Healthcare,,0.5000,"2022-06-16",Series A,United States,50.00,"2026-09-20 19:53:21"
1441,Swappie,Helsinki,Retail,250,0.1700,"2022-06-15",Series C,Finland,169.00,"2026-09-20 19:53:21"
1442,Wealthsimple,Toronto,Finance,159,0.1300,"2022-06-15",Unknown,Canada,900.00,"2026-09-20 19:53:21"
1443,Weee!,SF Bay Area,Food,150,0.1000,"2022-06-15",Series E,United States,863.00,"2026-09-20 19:53:21"
1444,Notarize,Boston,Legal,110,0.2500,"2022-06-15",Series D,United States,213.00,"2026-09-20 19:53:21"
1445,Elementor,Tel Aviv,Media,60,0.1500,"2022-06-15",Unknown,Israel,65.00,"2026-09-20 19:53:21"
1446,Tonkean,SF Bay Area,Other,23,0.2300,"2022-06-15",Series B,United States,83.00,"2026-09-20 19:53:21"
1447,Airtame,Copenhagen,Consumer,15,,"2022-06-15",Unknown,Denmark,7.00,"2026-09-20 19:53:21"
1448,OpenWeb,Tel Aviv,Media,14,0.0500,"2022-06-15",Series E,Israel,223.00,"2026-09-20 19:53:21"
1449,Swyft,Toronto,Logistics,10,0.3000,"2022-06-15",Series A,Canada,20.00,"2026-09-20 19:53:21"
1450,Crehana,Lima,Education,,,"2022-06-15",Series B,Peru,93.00,"2026-09-20 19:53:21"
1451,JetClosing,Seattle,Real Estate,,1.0000,"2022-06-15",Series B,United States,44.00,"2026-09-20 19:53:21"
1452,Coinbase,SF Bay Area,Crypto,1100,0.1800,"2022-06-14",Post-IPO,United States,549.00,"2026-09-20 19:53:21"
1453,Redfin,Seattle,Real Estate,470,0.0800,"2022-06-14",Post-IPO,United States,319.00,"2026-09-20 19:53:21"
1454,Compass,New York City,Real Estate,450,0.1000,"2022-06-14",Post-IPO,United States,1600.00,"2026-09-20 19:53:21"
1455,Sami,Sao Paulo,Healthcare,75,0.1500,"2022-06-14",Unknown,Brazil,36.00,"2026-09-20 19:53:21"
1456,Breathe,New Delhi,Healthcare,50,0.3300,"2022-06-14",Series A,India,6.00,"2026-09-20 19:53:21"
1457,Hunty,Bogota,HR,30,,"2022-06-14",Seed,Colombia,6.00,"2026-09-20 19:53:21"
1458,TIFIN,Boulder,Crypto,24,0.1000,"2022-06-14",Series D,United States,204.00,"2026-09-20 19:53:21"
1459,Addi,Bogota,Finance,,,"2022-06-14",Series C,Colombia,376.00,"2026-09-20 19:53:21"
1460,Shopee,Singapore,Food,,,"2022-06-14",Unknown,Singapore,,"2026-09-20 19:53:21"
1461,BlockFi,New York City,Crypto,250,0.2000,"2022-06-13",Series E,United States,1000.00,"2026-09-20 19:53:21"
1462,Wave Sports and Entertainment,Los Angeles,Media,56,0.3300,"2022-06-13",Series B,United States,65.00,"2026-09-20 19:53:21"
1463,Studio,SF Bay Area,Education,33,0.4000,"2022-06-13",Series B,United States,50.00,"2026-09-20 19:53:21"
1464,Automox,Boulder,Infrastructure,,,"2022-06-13",Series C,United States,152.00,"2026-09-20 19:53:21"
1465,Desktop Metal,Boston,Other,,0.1200,"2022-06-13",Post-IPO,United States,811.00,"2026-09-20 19:53:21"
1466,Crypto.com,Singapore,Crypto,260,0.0500,"2022-06-10",Unknown,Singapore,156.00,"2026-09-20 19:53:21"
1467,FarEye,New Delhi,Logistics,250,0.3000,"2022-06-10",Series E,India,150.00,"2026-09-20 19:53:21"
1468,Berlin Brands Group,Berlin,Retail,100,0.1000,"2022-06-10",Unknown,Germany,1000.00,"2026-09-20 19:53:21"
1469,Sanar,Sao Paulo,Healthcare,60,0.2000,"2022-06-10",Unknown,Brazil,11.00,"2026-09-20 19:53:21"
1470,Freetrade,London,Finance,45,0.1500,"2022-06-10",Unknown,United Kingdom,133.00,"2026-09-20 19:53:21"
1471,Albert,Los Angeles,Finance,20,0.0800,"2022-06-10",Series C,United States,175.00,"2026-09-20 19:53:21"
1472,Keepe,Seattle,Real Estate,,,"2022-06-10",Unknown,United States,6.00,"2026-09-20 19:53:21"
1473,Liongard,Houston,Infrastructure,,,"2022-06-10",Series B,United States,22.00,"2026-09-20 19:53:21"
1474,Ziroom,Beijing,Real Estate,,0.2000,"2022-06-10",Unknown,China,2100.00,"2026-09-20 19:53:21"
1475,OneTrust,Atlanta,Security,950,0.2500,"2022-06-09",Series C,United States,926.00,"2026-09-20 19:53:21"
1476,Stitch Fix,SF Bay Area,Retail,330,0.1500,"2022-06-09",Post-IPO,United States,79.00,"2026-09-20 19:53:21"
1477,Daniel Wellington,Stockholm,Retail,200,0.1500,"2022-06-09",Unknown,Sweden,,"2026-09-20 19:53:21"
1478,Convoy,Seattle,Logistics,90,0.0700,"2022-06-09",Series E,United States,1100.00,"2026-09-20 19:53:21"
1479,Hologram,Chicago,Infrastructure,80,0.4000,"2022-06-09",Series B,United States,82.00,"2026-09-20 19:53:21"
1480,Boozt,Malmo,Retail,70,0.0500,"2022-06-09",Post-IPO,Sweden,56.00,"2026-09-20 19:53:21"
1481,The Grommet,Boston,Retail,40,1.0000,"2022-06-09",Acquired,United States,5.00,"2026-09-20 19:53:21"
1482,Stashaway,Singapore,Finance,31,0.1400,"2022-06-09",Series D,Singapore,61.00,"2026-09-20 19:53:21"
1483,Preply,Boston,Education,26,0.0500,"2022-06-09",Series C,United States,100.00,"2026-09-20 19:53:21"
1484,Jellysmack,New York City,Media,,0.0800,"2022-06-09",Series C,United States,22.00,"2026-09-20 19:53:21"
1485,Starship,SF Bay Area,Transportation,,0.1100,"2022-06-09",Series B,United States,197.00,"2026-09-20 19:53:21"
1486,Trade Republic,Berlin,Finance,,,"2022-06-09",Series C,Germany,1200.00,"2026-09-20 19:53:21"
1487,Sonder,SF Bay Area,Travel,250,0.2100,"2022-06-08",Post-IPO,United States,839.00,"2026-09-20 19:53:21"
1488,Kavak,Sao Paulo,Transportation,150,,"2022-06-08",Series E,Brazil,1600.00,"2026-09-20 19:53:21"
1489,Truepill,SF Bay Area,Healthcare,150,0.1500,"2022-06-08",Series D,United States,255.00,"2026-09-20 19:53:21"
1490,iPrice Group,Kuala Lumpur,Retail,50,0.2000,"2022-06-08",Unknown,Malaysia,26.00,"2026-09-20 19:53:21"
1491,Memmo,Stockholm,Consumer,,0.4000,"2022-06-08",Unknown,Sweden,24.00,"2026-09-20 19:53:21"
1493,Cazoo,London,Transportation,750,0.1500,"2022-06-07",Post-IPO,United Kingdom,2000.00,"2026-09-20 19:53:21"
1494,Rupeek,Bengaluru,Finance,180,0.1500,"2022-06-07",Unknown,India,172.00,"2026-09-20 19:53:21"
1495,Lummo,Jakarta,Marketing,150,,"2022-06-07",Series C,Indonesia,149.00,"2026-09-20 19:53:21"
1496,Bird,Los Angeles,Transportation,138,0.2300,"2022-06-07",Post-IPO,United States,783.00,"2026-09-20 19:53:21"
1497,ID.me,Washington D.C.,Security,130,,"2022-06-07",Unknown,United States,275.00,"2026-09-20 19:53:21"
1498,KiwiCo,SF Bay Area,Retail,40,,"2022-06-07",Unknown,United States,11.00,"2026-09-20 19:53:21"
1499,Bond,SF Bay Area,Finance,,,"2022-06-07",Series A,United States,42.00,"2026-09-20 19:53:21"
1500,CyberCube,SF Bay Area,Finance,,,"2022-06-07",Series B,United States,35.00,"2026-09-20 19:53:21"
1501,Propzy,Ho Chi Minh City,Real Estate,,0.5000,"2022-06-07",Series A,Vietnam,33.00,"2026-09-20 19:53:21"
1502,Clearco,Toronto,Finance,60,,"2022-06-06",Series C,Canada,681.00,"2026-09-20 19:53:21"
1503,Dutchie,Bend,Other,50,0.0700,"2022-06-06",Series D,United States,603.00,"2026-09-20 19:53:21"
1504,Clearco,Dublin,Finance,,,"2022-06-06",Series C,Ireland,681.00,"2026-09-20 19:53:21"
1505,Deep Instinct,New York City,Security,,0.1000,"2022-06-06",Series D,United States,259.00,"2026-09-20 19:53:21"
1506,Sendoso,SF Bay Area,Marketing,,0.1400,"2022-06-06",Series C,United States,152.00,"2026-09-20 19:53:21"
1507,Eruditus,Mumbai,Education,40,,"2022-06-04",Series E,India,1200.00,"2026-09-20 19:53:21"
1508,Afterverse,Brasilia,Consumer,60,0.2000,"2022-06-03",Unknown,Brazil,,"2026-09-20 19:53:21"
1509,Superhuman,SF Bay Area,Consumer,23,0.2200,"2022-06-03",Series C,United States,108.00,"2026-09-20 19:53:21"
1510,Food52,New York City,Food,21,0.1500,"2022-06-03",Acquired,United States,176.00,"2026-09-20 19:53:21"
1511,"5B Solar",Sydney,Energy,,0.2500,"2022-06-03",Series A,Australia,12.00,"2026-09-20 19:53:21"
1512,Clubhouse,SF Bay Area,Consumer,,,"2022-06-03",Series C,United States,110.00,"2026-09-20 19:53:21"
1513,Tesla,Austin,Transportation,,0.1000,"2022-06-03",Post-IPO,United States,20200.00,"2026-09-20 19:53:21"
1514,Carbon Health,SF Bay Area,Healthcare,250,0.0800,"2022-06-02",Series D,United States,522.00,"2026-09-20 19:53:21"
1515,Favo,Sao Paulo,Food,170,,"2022-06-02",Series A,Brazil,31.00,"2026-09-20 19:53:21"
1516,PolicyGenius,New York City,Finance,170,0.2500,"2022-06-02",Series E,United States,286.00,"2026-09-20 19:53:21"
1517,Yojak,Gurugram,Construction,140,0.5000,"2022-06-02",Seed,India,3.00,"2026-09-20 19:53:21"
1518,Envato,Melbourne,Marketing,100,,"2022-06-02",Unknown,Australia,,"2026-09-20 19:53:21"
1519,Gemini,New York City,Crypto,100,0.1000,"2022-06-02",Unknown,United States,423.00,"2026-09-20 19:53:21"
1520,Stord,Atlanta,Logistics,59,0.0800,"2022-06-02",Series D,United States,325.00,"2026-09-20 19:53:21"
1521,Gather,SF Bay Area,Consumer,30,0.3300,"2022-06-02",Series B,United States,76.00,"2026-09-20 19:53:21"
1522,Shef,SF Bay Area,Food,29,,"2022-06-02",Series A,United States,28.00,"2026-09-20 19:53:21"
1523,IRL,SF Bay Area,Consumer,25,0.2500,"2022-06-02",Series C,United States,197.00,"2026-09-20 19:53:21"
1524,Esme Learning,Boston,Education,,,"2022-06-02",Unknown,United States,37.00,"2026-09-20 19:53:21"
1525,Kaodim,Selangor,Consumer,,1.0000,"2022-06-02",Series B,United States,17.00,"2026-09-20 19:53:21"
1526,Rain,Manama,Finance,,,"2022-06-02",Series B,Bahrain,202.00,"2026-09-20 19:53:21"
1527,TomTom,Amsterdam,Transportation,500,0.1000,"2022-06-01",Post-IPO,Netherlands,,"2026-09-20 19:53:21"
1528,Cybereason,Boston,Security,100,0.0600,"2022-06-01",Series F,United States,750.00,"2026-09-20 19:53:21"
1529,Udayy,Gurugram,Education,100,1.0000,"2022-06-01",Seed,India,2.00,"2026-09-20 19:53:21"
1530,"2TM",Sao Paulo,Crypto,90,0.1200,"2022-06-01",Unknown,Brazil,250.00,"2026-09-20 19:53:21"
1531,Curve,London,Finance,65,0.1000,"2022-06-01",Series C,United Kingdom,182.00,"2026-09-20 19:53:21"
1532,Loom,SF Bay Area,Product,34,0.1400,"2022-06-01",Series C,United States,203.00,"2026-09-20 19:53:21"
1533,Skillshare,New York City,Education,31,,"2022-06-01",Unknown,United States,136.00,"2026-09-20 19:53:21"
1534,Impala,London,Travel,30,0.3500,"2022-06-01",Series B,United Kingdom,32.00,"2026-09-20 19:53:21"
1535,Eaze,SF Bay Area,Consumer,25,,"2022-06-01",Series D,United States,202.00,"2026-09-20 19:53:21"
1536,Side,SF Bay Area,Real Estate,,0.1000,"2022-06-01",Unknown,United States,313.00,"2026-09-20 19:53:21"
1537,Truck It In,Karachi,Logistics,,0.3000,"2022-06-01",Seed,Pakistan,17.00,"2026-09-20 19:53:21"
1538,Playtika,Tel Aviv,Consumer,250,0.0600,"2022-05-31",Post-IPO,Israel,,"2026-09-20 19:53:21"
1539,Replicated,Los Angeles,Infrastructure,50,,"2022-05-31",Series C,United States,85.00,"2026-09-20 19:53:21"
1540,Tomo,Stamford,Finance,44,0.3300,"2022-05-31",Series A,United States,110.00,"2026-09-20 19:53:21"
1541,Getta,Tel Aviv,Transportation,30,,"2022-05-31",Series A,Israel,49.00,"2026-09-20 19:53:21"
1542,BookClub,Salt Lake City,Education,12,0.2500,"2022-05-31",Series A,United States,26.00,"2026-09-20 19:53:21"
1543,Cerebral,SF Bay Area,Healthcare,,,"2022-05-31",Series C,United States,462.00,"2026-09-20 19:53:21"
1544,SWVL,Dubai,Transportation,400,0.3200,"2022-05-30",Post-IPO,United Arab Emirates,132.00,"2026-09-20 19:53:21"
1545,Mobile Premier League,Bengaluru,Consumer,100,0.1000,"2022-05-30",Series E,India,375.00,"2026-09-20 19:53:21"
1546,SumUp,Sao Paulo,Finance,100,0.0300,"2022-05-30",Unknown,Brazil,50.00,"2026-09-20 19:53:21"
1547,Tempus Ex,SF Bay Area,Data,,,"2022-05-30",Unknown,United States,36.00,"2026-09-20 19:53:21"
1548,FrontRow,Bengaluru,Education,145,0.3000,"2022-05-27",Series A,India,17.00,"2026-09-20 19:53:21"
1549,Daloopa,New Delhi,Data,40,,"2022-05-27",Series A,India,23.00,"2026-09-20 19:53:21"
1550,Uncapped,London,Finance,29,0.2600,"2022-05-27",Unknown,United Kingdom,118.00,"2026-09-20 19:53:21"
1551,Akerna,Denver,Logistics,,,"2022-05-27",Unknown,United States,46.00,"2026-09-20 19:53:21"
1553,Terminus,Atlanta,Marketing,,,"2022-05-27",Unknown,United States,192.00,"2026-09-20 19:53:21"
1554,VTEX,Sao Paulo,Retail,200,0.1300,"2022-05-26",Post-IPO,Brazil,365.00,"2026-09-20 19:53:21"
1555,Bitso,Mexico City,Crypto,80,0.1100,"2022-05-26",Series C,Mexico,378.00,"2026-09-20 19:53:21"
1556,Foodpanda,Bucharest,Food,80,,"2022-05-26",Acquired,Romania,749.00,"2026-09-20 19:53:21"
1557,Dazn,London,Consumer,50,0.0200,"2022-05-26",Unknown,United Kingdom,,"2026-09-20 19:53:21"
1558,Lacework,SF Bay Area,Security,300,0.2000,"2022-05-25",Series D,United States,1900.00,"2026-09-20 19:53:21"
1559,Bolt,SF Bay Area,Finance,240,0.2700,"2022-05-25",Series E,United States,1300.00,"2026-09-20 19:53:21"
1560,PeerStreet,Los Angeles,Finance,75,,"2022-05-25",Series C,United States,121.00,"2026-09-20 19:53:21"
1561,Kontist,Berlin,Finance,50,0.2500,"2022-05-25",Series B,Germany,53.00,"2026-09-20 19:53:21"
1562,Nuri,Berlin,Finance,45,0.2000,"2022-05-25",Series B,Germany,42.00,"2026-09-20 19:53:21"
1563,Coterie Insurance,Cincinnati,Finance,30,0.2000,"2022-05-25",Series B,United States,70.00,"2026-09-20 19:53:21"
1564,Airlift,Lahore,Logistics,,0.3100,"2022-05-25",Series B,Pakistan,109.00,"2026-09-20 19:53:21"
1565,Getir,Istanbul,Food,,0.1400,"2022-05-25",Series E,Turkey,1800.00,"2026-09-20 19:53:21"
1566,Zapp,London,Food,,0.1000,"2022-05-25",Unknown,United Kingdom,300.00,"2026-09-20 19:53:21"
1567,Gorillas,Berlin,Food,300,0.5000,"2022-05-24",Series C,Germany,1300.00,"2026-09-20 19:53:21"
1568,Zenius,Jakarta,Education,200,,"2022-05-24",Series B,Indonesia,20.00,"2026-09-20 19:53:21"
1569,The Zebra,Austin,Finance,40,,"2022-05-24",Series D,United States,256.00,"2026-09-20 19:53:21"
1570,Klarna,Stockholm,Finance,700,0.1000,"2022-05-23",Unknown,Sweden,3700.00,"2026-09-20 19:53:21"
1571,PayPal,SF Bay Area,Finance,83,,"2022-05-23",Post-IPO,United States,216.00,"2026-09-20 19:53:21"
1572,Buenbit,Buenos Aires,Crypto,80,0.4500,"2022-05-23",Series A,Argentina,11.00,"2026-09-20 19:53:21"
1573,BeyondMinds,Tel Aviv,Data,65,1.0000,"2022-05-23",Series A,Israel,16.00,"2026-09-20 19:53:21"
1574,ClickUp,San Diego,Other,60,0.0700,"2022-05-23",Series C,United States,537.00,"2026-09-20 19:53:21"
1575,Airtime,New York City,Consumer,30,0.2000,"2022-05-23",Series B,United States,33.00,"2026-09-20 19:53:21"
1576,Olist,Curitiba,Retail,,,"2022-05-23",Series E,Brazil,322.00,"2026-09-20 19:53:21"
1577,MFine,Bengaluru,Healthcare,600,0.7500,"2022-05-21",Series C,India,97.00,"2026-09-20 19:53:21"
1578,Latch,New York City,Security,130,0.2800,"2022-05-20",Post-IPO,United States,342.00,"2026-09-20 19:53:21"
1579,Outside,Boulder,Media,87,0.1500,"2022-05-20",Series B,United States,174.00,"2026-09-20 19:53:21"
1580,Skillz,SF Bay Area,Consumer,70,0.1000,"2022-05-20",Post-IPO,United States,287.00,"2026-09-20 19:53:21"
1581,Cars24,Gurugram,Transportation,600,0.0600,"2022-05-19",Series G,India,1300.00,"2026-09-20 19:53:21"
1582,Vedantu,Bengaluru,Education,424,0.0700,"2022-05-18",Series E,India,292.00,"2026-09-20 19:53:21"
1583,Netflix,SF Bay Area,Media,150,0.0100,"2022-05-17",Post-IPO,United States,121900.00,"2026-09-20 19:53:21"
1584,Kry,Stockholm,Healthcare,100,0.1000,"2022-05-17",Series D,Sweden,568.00,"2026-09-20 19:53:21"
1585,Picsart,Miami,Consumer,90,0.0800,"2022-05-17",Series C,United States,195.00,"2026-09-20 19:53:21"
1586,Zak,Sao Paulo,Food,100,0.4000,"2022-05-16",Series A,United States,29.00,"2026-09-20 19:53:21"
1587,Zulily,Seattle,Retail,,,"2022-05-16",Acquired,United States,194.00,"2026-09-20 19:53:21"
1588,AliExpress Russia,Moscow,Retail,400,0.4000,"2022-05-14",Acquired,Russia,60.00,"2026-09-20 19:53:21"
1589,Thirty Madison,New York City,Healthcare,24,,"2022-05-14",Acquired,United States,209.00,"2026-09-20 19:53:21"
1590,CommonBond,New York City,Finance,22,,"2022-05-13",Series D,United States,130.00,"2026-09-20 19:53:21"
1591,Subspace,Los Angeles,Infrastructure,,1.0000,"2022-05-13",Series B,United States,,"2026-09-20 19:53:21"
1592,Zwift,Los Angeles,Fitness,150,,"2022-05-12",Series C,United States,619.00,"2026-09-20 19:53:21"
1593,Section4,New York City,Education,32,,"2022-05-12",Series A,United States,37.00,"2026-09-20 19:53:21"
1594,Tripwire,Portland,Security,,,"2022-05-12",Acquired,United States,29.00,"2026-09-20 19:53:21"
1595,DataRobot,Boston,Data,70,0.0700,"2022-05-11",Series G,United States,1000.00,"2026-09-20 19:53:21"
1596,Carvana,Phoenix,Unknown,2500,0.1200,"2022-05-10",Post-IPO,United States,1600.00,"2026-09-20 19:53:21"
1597,Doma,SF Bay Area,Finance,310,0.1500,"2022-05-10",Post-IPO,United States,679.00,"2026-09-20 19:53:21"
1598,Pollen,London,Travel,200,0.3300,"2022-05-10",Series C,United Kingdom,238.00,"2026-09-20 19:53:21"
1599,Latch,New York City,Security,30,0.0600,"2022-05-10",Post-IPO,United States,342.00,"2026-09-20 19:53:21"
1600,Meero,Paris,Other,350,0.5000,"2022-05-09",Series C,France,293.00,"2026-09-20 19:53:21"
1601,Vroom,New York City,Transportation,270,0.1400,"2022-05-09",Post-IPO,United States,1300.00,"2026-09-20 19:53:21"
1602,Reef,Miami,Transportation,750,0.0500,"2022-05-06",Unknown,United States,1500.00,"2026-09-20 19:53:21"
1603,divvyDOSE,Davenport,Healthcare,62,,"2022-05-06",Acquired,United States,0.00,"2026-09-20 19:53:21"
1604,Vedantu,Bengaluru,Education,200,0.0300,"2022-05-05",Series E,India,292.00,"2026-09-20 19:53:21"
1605,Mural,SF Bay Area,Product,90,0.1000,"2022-05-05",Series C,United States,192.00,"2026-09-20 19:53:21"
1606,On Deck,SF Bay Area,Education,72,0.2500,"2022-05-05",Series A,United States,20.00,"2026-09-20 19:53:21"
1607,SEND,Sydney,Food,300,1.0000,"2022-05-04",Seed,Australia,3.00,"2026-09-20 19:53:21"
1608,Colossus,Boston,Energy,97,,"2022-05-04",Series A,United States,41.00,"2026-09-20 19:53:21"
1609,Cameo,Chicago,Consumer,87,0.2500,"2022-05-04",Unknown,United States,165.00,"2026-09-20 19:53:21"
1610,Mainstreet,SF Bay Area,Finance,45,0.3000,"2022-05-04",Series A,United States,64.00,"2026-09-20 19:53:21"
1611,Ideoclick,Seattle,Retail,40,,"2022-05-04",Series A,United States,7.00,"2026-09-20 19:53:21"
1612,Vise,New York City,Finance,25,,"2022-05-04",Series C,United States,128.00,"2026-09-20 19:53:21"
1613,Bizpay,Sydney,Finance,,0.3000,"2022-05-04",Unknown,Australia,45.00,"2026-09-20 19:53:21"
1614,Thrasio,Boston,Retail,,,"2022-05-02",Unknown,United States,3400.00,"2026-09-20 19:53:21"
1615,Avo,Tel Aviv,Food,500,0.6700,"2022-05-01",Series B,Israel,45.00,"2026-09-20 19:53:21"
1616,Noom,New York City,Healthcare,495,,"2022-04-29",Series F,United States,657.00,"2026-09-20 19:53:21"
1617,Domestika,SF Bay Area,Education,150,0.1900,"2022-04-28",Series D,United States,130.00,"2026-09-20 19:53:21"
1618,Netflix,SF Bay Area,Media,25,,"2022-04-28",Post-IPO,United States,121900.00,"2026-09-20 19:53:21"
1619,Wahoo Fitness,Atlanta,Fitness,50,,"2022-04-27",Unknown,United States,,"2026-09-20 19:53:21"
1620,Robinhood,SF Bay Area,Finance,340,0.0900,"2022-04-26",Post-IPO,United States,5600.00,"2026-09-20 19:53:21"
1621,Bonsai,Toronto,Retail,29,0.3400,"2022-04-26",Series A,Canada,27.00,"2026-09-20 19:53:21"
1622,Sigfox,Toulouse,Other,64,,"2022-04-25",Acquired,France,277.00,"2026-09-20 19:53:21"
1623,Clyde,New York City,Marketing,22,,"2022-04-25",Series B,United States,58.00,"2026-09-20 19:53:21"
1624,Xiaohongshu,Shanghai,Consumer,180,0.0900,"2022-04-21",Series E,China,917.00,"2026-09-20 19:53:21"
1625,Facily,Sao Paulo,Retail,260,0.3000,"2022-04-20",Series D,Brazil,502.00,"2026-09-20 19:53:21"
1626,Lemonade,New York City,Finance,52,,"2022-04-20",Post-IPO,United States,481.00,"2026-09-20 19:53:21"
1627,Blend,SF Bay Area,Finance,200,0.1000,"2022-04-19",Post-IPO,United States,665.00,"2026-09-20 19:53:21"
1628,QuintoAndar,Sao Paulo,Real Estate,160,0.0400,"2022-04-19",Series E,Brazil,755.00,"2026-09-20 19:53:21"
1629,Loft,Sao Paulo,Real Estate,159,,"2022-04-19",Unknown,Brazil,788.00,"2026-09-20 19:53:21"
1630,Better.com,New York City,Real Estate,,,"2022-04-19",Unknown,United States,905.00,"2026-09-20 19:53:21"
1631,Automox,Boulder,Infrastructure,,0.1100,"2022-04-18",Series C,United States,152.00,"2026-09-20 19:53:21"
1632,Humble,SF Bay Area,Media,10,,"2022-04-15",Acquired,United States,4.00,"2026-09-20 19:53:21"
1633,Halcyon Health,New York City,Healthcare,,1.0000,"2022-04-15",Unknown,United States,2.00,"2026-09-20 19:53:21"
1634,Ahead,SF Bay Area,Healthcare,44,1.0000,"2022-04-14",Unknown,United States,9.00,"2026-09-20 19:53:21"
1635,Truepill,SF Bay Area,Healthcare,,,"2022-04-14",Series D,United States,255.00,"2026-09-20 19:53:21"
1636,Rad Power Bikes,Seattle,Transportation,100,0.1400,"2022-04-12",Series D,United States,329.00,"2026-09-20 19:53:21"
1637,Meesho,Bengaluru,Retail,150,,"2022-04-11",Series F,India,1100.00,"2026-09-20 19:53:21"
1638,Food52,New York City,Food,20,0.1000,"2022-04-08",Acquired,United States,176.00,"2026-09-20 19:53:21"
1639,Unacademy,Bengaluru,Education,1000,0.1700,"2022-04-07",Series H,India,838.00,"2026-09-20 19:53:21"
1640,Goodfood,Calgary,Food,70,,"2022-04-07",Post-IPO,Canada,16.00,"2026-09-20 19:53:21"
1641,Workrise,Austin,Energy,450,,"2022-04-05",Series E,United States,752.00,"2026-09-20 19:53:21"
1642,Fast,SF Bay Area,Finance,,1.0000,"2022-04-05",Series B,United States,124.00,"2026-09-20 19:53:21"
1643,BitMEX,Non-U.S.,Crypto,75,0.2500,"2022-04-04",Seed,Seychelles,0.00,"2026-09-20 19:53:21"
1644,Legible,Vancouver,Media,23,0.3800,"2022-04-04",Post-IPO,Canada,3.00,"2026-09-20 19:53:21"
1645,Lightico,Tel Aviv,Finance,20,,"2022-03-31",Series B,Israel,42.00,"2026-09-20 19:53:21"
1646,Sea,Bengaluru,Retail,350,,"2022-03-30",Post-IPO,India,8600.00,"2026-09-20 19:53:21"
1647,Rasa,Berlin,Data,59,0.4000,"2022-03-30",Series B,Germany,40.00,"2026-09-20 19:53:21"
1648,Gopuff,Philadelphia,Food,450,0.0300,"2022-03-29",Series H,United States,3400.00,"2026-09-20 19:53:21"
1649,Thinkific,Vancouver,Education,100,0.2000,"2022-03-29",Post-IPO,Canada,22.00,"2026-09-20 19:53:21"
1650,Furlenco,Bengaluru,Retail,180,,"2022-03-26",Series D,India,228.00,"2026-09-20 19:53:21"
1651,Grove Collaborative,SF Bay Area,Retail,,0.1700,"2022-03-19",Series E,United States,474.00,"2026-09-20 19:53:21"
1652,Storytel,Stockholm,Media,100,0.1000,"2022-03-17",Post-IPO,Sweden,275.00,"2026-09-20 19:53:21"
1653,Curology,SF Bay Area,Healthcare,150,,"2022-03-16",Series D,United States,19.00,"2026-09-20 19:53:21"
1654,Trell,Bengaluru,Retail,300,0.5000,"2022-03-15",Series B,India,62.00,"2026-09-20 19:53:21"
1655,Knock,New York City,Real Estate,115,0.4600,"2022-03-15",Unknown,United States,654.00,"2026-09-20 19:53:21"
1656,Talis Biomedical,SF Bay Area,Healthcare,,0.2500,"2022-03-15",Post-IPO,United States,8.00,"2026-09-20 19:53:21"
1657,Sezzle,Minneapolis,Finance,,0.2000,"2022-03-10",Post-IPO,United States,301.00,"2026-09-20 19:53:21"
1658,Better.com,New York City,Real Estate,3000,0.3300,"2022-03-08",Unknown,United States,905.00,"2026-09-20 19:53:21"
1659,Adaptive Biotechnologies,Seattle,Healthcare,100,0.1200,"2022-03-08",Post-IPO,United States,406.00,"2026-09-20 19:53:21"
1660,Hyperscience,New York City,Data,100,0.2500,"2022-03-03",Series E,United States,289.00,"2026-09-20 19:53:21"
1661,WeDoctor,Non-U.S.,Healthcare,500,,"2022-03-02",Series F,China,1400.00,"2026-09-20 19:53:21"
1662,Wish,SF Bay Area,Retail,190,0.1500,"2022-03-01",Post-IPO,United States,1600.00,"2026-09-20 19:53:21"
1663,iFit,Logan,Fitness,,,"2022-02-25",Private Equity,United States,200.00,"2026-09-20 19:53:21"
1664,OKCredit,New Delhi,Finance,30,,"2022-02-24",Series B,India,85.00,"2026-09-20 19:53:21"
1665,Lido,Mumbai,Education,150,,"2022-02-21",Series A,India,24.00,"2026-09-20 19:53:21"
1666,Virgin Hyperloop,Los Angeles,Transportation,111,0.5000,"2022-02-21",Unknown,United States,368.00,"2026-09-20 19:53:21"
1667,Trustly,Stockholm,Finance,120,,"2022-02-17",Acquired,Sweden,28.00,"2026-09-20 19:53:21"
1668,Liv Up,Sao Paulo,Food,100,0.1500,"2022-02-16",Series D,Brazil,118.00,"2026-09-20 19:53:21"
1669,Homie,Salt Lake City,Real Estate,119,0.2900,"2022-02-14",Series B,United States,35.00,"2026-09-20 19:53:21"
1670,Hopin,London,Other,138,0.1200,"2022-02-10",Series D,United States,1000.00,"2026-09-20 19:53:21"
1671,Daily Harvest,New York City,Food,60,0.2000,"2022-02-10",Series D,United States,120.00,"2026-09-20 19:53:21"
1672,Peloton,New York City,Fitness,2800,0.2000,"2022-02-08",Post-IPO,United States,1900.00,"2026-09-20 19:53:21"
1673,Defined.ai,Seattle,Data,,,"2022-02-07",Series B,United States,78.00,"2026-09-20 19:53:21"
1674,Rhino,New York City,Real Estate,57,0.2000,"2022-02-03",Unknown,United States,133.00,"2026-09-20 19:53:21"
1675,Gopuff,Philadelphia,Food,100,,"2022-01-26",Series H,United States,3400.00,"2026-09-20 19:53:21"
1676,Glossier,New York City,Consumer,80,0.3300,"2022-01-26",Series E,United States,266.00,"2026-09-20 19:53:21"
1677,Root Insurance,Columbus,Finance,330,,"2022-01-20",Post-IPO,United States,527.00,"2026-09-20 19:53:21"
1678,Spin,SF Bay Area,Transportation,,0.2500,"2022-01-08",Acquired,United States,8.00,"2026-09-20 19:53:21"
1679,Delivery Hero,Berlin,Food,300,,"2021-12-22",Post-IPO,Germany,8300.00,"2026-09-20 19:53:21"
1680,iFit,Logan,Fitness,,,"2021-12-08",Private Equity,United States,200.00,"2026-09-20 19:53:21"
1681,Better.com,New York City,Real Estate,900,0.0900,"2021-12-01",Unknown,United States,905.00,"2026-09-20 19:53:21"
1682,BitTitan,Seattle,Data,70,0.2700,"2021-11-18",Acquired,United States,46.00,"2026-09-20 19:53:21"
1683,Zillow,Seattle,Real Estate,2000,0.2500,"2021-11-02",Post-IPO,United States,97.00,"2026-09-20 19:53:21"
1684,InVision,New York City,Product,22,,"2021-10-05",Unknown,United States,356.00,"2026-09-20 19:53:21"
1685,Ozy Media,SF Bay Area,Media,,1.0000,"2021-10-01",Series C,United States,70.00,"2026-09-20 19:53:21"
1686,Zymergen,SF Bay Area,Other,120,,"2021-09-23",Post-IPO,United States,974.00,"2026-09-20 19:53:21"
1687,Imperfect Foods,SF Bay Area,Food,,,"2021-09-22",Series D,United States,229.00,"2026-09-20 19:53:21"
1688,Genius,New York City,Consumer,,,"2021-09-15",Acquired,United States,78.00,"2026-09-20 19:53:21"
1689,Treehouse,Portland,Education,41,0.9000,"2021-09-14",Series B,United States,12.00,"2026-09-20 19:53:21"
1691,Tanium,Seattle,Security,30,,"2021-08-30",Unknown,United States,1000.00,"2026-09-20 19:53:21"
1692,Flockjay,SF Bay Area,Education,37,0.5000,"2021-08-24",Series A,United States,14.00,"2026-09-20 19:53:21"
1693,Bytedance,Shanghai,Consumer,1800,,"2021-08-05",Unknown,China,9400.00,"2026-09-20 19:53:21"
1694,Pagarbook,Bengaluru,HR,80,,"2021-07-26",Series A,India,17.00,"2026-09-20 19:53:21"
1695,Katerra,SF Bay Area,Construction,2434,1.0000,"2021-06-01",Unknown,United States,1600.00,"2026-09-20 19:53:21"
1696,SumUp,London,Finance,,,"2021-05-05",Unknown,United Kingdom,53.00,"2026-09-20 19:53:21"
1697,Lambda School,SF Bay Area,Education,65,,"2021-04-29",Series C,United States,122.00,"2026-09-20 19:53:21"
1698,Madefire,SF Bay Area,Media,,1.0000,"2021-04-29",Series B,United States,16.00,"2026-09-20 19:53:21"
1699,Patreon,SF Bay Area,Media,36,,"2021-04-26",Series D,United States,165.00,"2026-09-20 19:53:21"
1700,New Relic,SF Bay Area,Infrastructure,160,0.0700,"2021-04-06",Post-IPO,United States,214.50,"2026-09-20 19:53:21"
1701,Medium,SF Bay Area,Media,,,"2021-03-24",Series C,United States,132.00,"2026-09-20 19:53:21"
1702,HuffPo,New York City,Media,47,,"2021-03-09",Acquired,United States,37.00,"2026-09-20 19:53:21"
1703,Subspace,Los Angeles,Infrastructure,,,"2021-03-03",Series B,United States,,"2026-09-20 19:53:21"
1704,Clumio,SF Bay Area,Data,,,"2021-03-01",Series C,United States,186.00,"2026-09-20 19:53:21"
1705,DJI,SF Bay Area,Consumer,,,"2021-02-24",Unknown,United States,105.00,"2026-09-20 19:53:21"
1706,Ninjacart,Bengaluru,Food,200,,"2021-02-23",Unknown,India,194.00,"2026-09-20 19:53:21"
1707,Bounce,Bengaluru,Transportation,200,0.4000,"2021-02-22",Series D,India,214.20,"2026-09-20 19:53:21"
1708,ThredUp,Chicago,Retail,243,,"2021-02-09",Series F,United States,305.00,"2026-09-20 19:53:21"
1709,Indigo,Boston,Other,80,,"2021-02-09",Series F,United States,1200.00,"2026-09-20 19:53:21"
1710,Limelight,New York City,Recruiting,13,1.0000,"2021-02-04",Unknown,United States,,"2026-09-20 19:53:21"
1711,Quandoo,Berlin,Food,87,0.2000,"2021-02-03",Acquired,Germany,39.00,"2026-09-20 19:53:21"
1712,Hubba,Toronto,Retail,45,1.0000,"2021-02-01",Series B,Canada,61.00,"2026-09-20 19:53:21"
1713,Bytedance,Mumbai,Consumer,1800,,"2021-01-27",Unknown,India,7400.00,"2026-09-20 19:53:21"
1714,Privitar,London,Data,20,,"2021-01-27",Series C,United Kingdom,150.00,"2026-09-20 19:53:21"
1715,Shutterfly,SF Bay Area,Retail,800,,"2021-01-25",Acquired,United States,50.00,"2026-09-20 19:53:21"
1716,Postmates,SF Bay Area,Food,180,0.1500,"2021-01-23",Acquired,United States,763.00,"2026-09-20 19:53:21"
1717,Instacart,SF Bay Area,Food,1877,,"2021-01-21",Unknown,United States,2400.00,"2026-09-20 19:53:21"
1718,Pocketmath,Singapore,Marketing,21,1.0000,"2021-01-20",Unknown,Singapore,20.00,"2026-09-20 19:53:21"
1719,Dropbox,SF Bay Area,Other,315,0.1500,"2021-01-13",Post-IPO,United States,1700.00,"2026-09-20 19:53:21"
1720,Aura Financial,SF Bay Area,Finance,,1.0000,"2021-01-11",Unknown,United States,584.00,"2026-09-20 19:53:21"
1721,Simple,Portland,Finance,,1.0000,"2021-01-07",Acquired,United States,15.00,"2026-09-20 19:53:21"
1722,WhiteHat Jr,Mumbai,Education,1800,,"2021-01-06",Acquired,India,11.00,"2026-09-20 19:53:21"
1723,Pulse Secure,SF Bay Area,Security,78,,"2020-12-23",Acquired,United States,,"2026-09-20 19:53:21"
1724,Breather,Montreal,Real Estate,120,0.8000,"2020-12-16",Series D,Canada,131.00,"2026-09-20 19:53:21"
1725,Actifio,Boston,Data,54,,"2020-12-16",Acquired,United States,352.00,"2026-09-20 19:53:21"
1726,OYO,Gurugram,Travel,600,,"2020-12-08",Series F,India,3200.00,"2026-09-20 19:53:21"
1727,Zinier,SF Bay Area,HR,,,"2020-11-25",Series C,United States,120.00,"2026-09-20 19:53:21"
1728,Aya,Toronto,Finance,5,0.2500,"2020-11-19",Seed,United States,3.00,"2026-09-20 19:53:21"
1729,Domio,New York City,Real Estate,,0.5000,"2020-11-18",Series B,United States,116.00,"2026-09-20 19:53:21"
1730,Bridge Connector,Nashville,Healthcare,154,1.0000,"2020-11-17",Series B,United States,45.00,"2026-09-20 19:53:21"
1731,Tidepool,SF Bay Area,Healthcare,18,0.4000,"2020-11-17",Unknown,United States,,"2026-09-20 19:53:21"
1732,Igenous,Seattle,Data,,,"2020-11-17",Series C,United States,67.00,"2026-09-20 19:53:21"
1733,Scoop,SF Bay Area,Transportation,,,"2020-11-17",Series C,United States,95.00,"2026-09-20 19:53:21"
1734,Worksmith,Austin,Retail,30,0.5000,"2020-11-09",Unknown,United States,3.80,"2026-09-20 19:53:21"
1735,Rubica,Seattle,Security,,1.0000,"2020-11-05",Series A,United States,14.00,"2026-09-20 19:53:21"
1736,Bossa Nova,SF Bay Area,Retail,,0.5000,"2020-11-02",Unknown,United States,101.60,"2026-09-20 19:53:21"
1737,LivePerson,New York City,Support,30,,"2020-11-01",Post-IPO,United States,42.00,"2026-09-20 19:53:21"
1738,Remedy,Austin,Healthcare,82,,"2020-10-29",Series A,United States,12.50,"2026-09-20 19:53:21"
1739,Knotel,New York City,Real Estate,20,0.0800,"2020-10-29",Series C,United States,560.00,"2026-09-20 19:53:21"
1740,Cheetah,SF Bay Area,Food,,,"2020-10-25",Series B,United States,67.00,"2026-09-20 19:53:21"
1741,CodeCombat,SF Bay Area,Education,8,,"2020-10-23",Series A,United States,8.00,"2026-09-20 19:53:21"
1742,Quibi,Los Angeles,Media,,1.0000,"2020-10-21",Private Equity,United States,1800.00,"2026-09-20 19:53:21"
1743,Zomato,Jakarta,Food,,,"2020-10-20",Series J,Indonesia,914.00,"2026-09-20 19:53:21"
1744,GetYourGuide,Berlin,Travel,90,0.1700,"2020-10-14",Series E,Germany,656.00,"2026-09-20 19:53:21"
1745,OLX India,New Delhi,Marketing,250,,"2020-10-10",Acquired,India,28.00,"2026-09-20 19:53:21"
1746,Chef,Seattle,Infrastructure,,,"2020-10-08",Acquired,United States,105.00,"2026-09-20 19:53:21"
1747,Alto Pharmacy,SF Bay Area,Healthcare,47,0.0600,"2020-09-29",Series D,United States,356.00,"2026-09-20 19:53:21"
1748,TheWrap,Los Angeles,Media,,,"2020-09-29",Series B,United States,3.50,"2026-09-20 19:53:21"
1749,HumanForest,London,Transportation,,,"2020-09-25",Private Equity,United Kingdom,1.54,"2026-09-20 19:53:21"
1750,WeWork,Shenzen,Real Estate,,,"2020-09-23",Series H,China,19500.00,"2026-09-20 19:53:21"
1751,Air,New York City,Marketing,,0.1600,"2020-09-16",Series A,United States,18.00,"2026-09-20 19:53:21"
1752,NS8,Las Vegas,Data,240,0.9500,"2020-09-11",Series A,United States,157.90,"2026-09-20 19:53:21"
1753,Bleacher Report,London,Media,20,,"2020-09-11",Acquired,United Kingdom,40.50,"2026-09-20 19:53:21"
1754,HubHaus,SF Bay Area,Real Estate,,1.0000,"2020-09-11",Series A,United States,13.40,"2026-09-20 19:53:21"
1755,Waze,SF Bay Area,Transportation,30,0.0540,"2020-09-09",Acquired,United States,67.00,"2026-09-20 19:53:21"
1756,Ouster,SF Bay Area,Transportation,,0.1000,"2020-09-08",Series B,United States,132.00,"2026-09-20 19:53:21"
1757,Swing Education,SF Bay Area,Education,,,"2020-09-05",Series B,United States,22.80,"2026-09-20 19:53:21"
1758,Akerna,Denver,Logistics,,,"2020-09-02",Post-IPO,United States,,"2026-09-20 19:53:21"
1759,Awok,Dubai,Retail,,1.0000,"2020-09-02",Series A,United Arab Emirates,30.00,"2026-09-20 19:53:21"
1760,Big Fish Games,Seattle,Media,250,,"2020-09-01",Acquired,United States,95.20,"2026-09-20 19:53:21"
1761,GoBear,Singapore,Finance,22,0.1100,"2020-09-01",Unknown,Singapore,97.00,"2026-09-20 19:53:21"
1762,MakeMyTrip,New Delhi,Travel,350,0.1000,"2020-08-31",Post-IPO,India,548.00,"2026-09-20 19:53:21"
1763,Salesforce,SF Bay Area,Sales,1000,0.0185,"2020-08-26",Post-IPO,United States,65.40,"2026-09-20 19:53:21"
1764,kununu,Boston,Recruiting,,,"2020-08-26",Acquired,United States,,"2026-09-20 19:53:21"
1765,Superloop,Brisbane,Infrastructure,30,,"2020-08-24",Post-IPO,Australia,36.00,"2026-09-20 19:53:21"
1766,Spaces,Los Angeles,Media,,,"2020-08-24",Acquired,United States,9.50,"2026-09-20 19:53:21"
1767,StreamSets,SF Bay Area,Data,,,"2020-08-20",Series C,United States,76.20,"2026-09-20 19:53:21"
1768,Docly,London,Healthcare,8,0.8000,"2020-08-19",Seed,United Kingdom,15.50,"2026-09-20 19:53:21"
1769,Mapify,Berlin,Travel,,,"2020-08-19",Seed,Germany,1.30,"2026-09-20 19:53:21"
1770,Lumina Networks,SF Bay Area,Infrastructure,,1.0000,"2020-08-18",Series A,United States,10.00,"2026-09-20 19:53:21"
1771,DJI,Shenzen,Consumer,,,"2020-08-17",Unknown,China,105.00,"2026-09-20 19:53:21"
1772,Shopify,Ottawa,Retail,30,,"2020-08-14",Post-IPO,Canada,122.30,"2026-09-20 19:53:21"
1773,InVision,New York City,Product,,,"2020-08-14",Series F,United States,350.20,"2026-09-20 19:53:21"
1774,HopSkipDrive,Los Angeles,Transportation,,,"2020-08-12",Unknown,United States,45.00,"2026-09-20 19:53:21"
1775,Mozilla,SF Bay Area,Consumer,250,0.2500,"2020-08-11",Unknown,United States,2.30,"2026-09-20 19:53:21"
1776,Eatsy,Singapore,Food,20,1.0000,"2020-08-08",Seed,Singapore,0.98,"2026-09-20 19:53:21"
1777,Glossier,New York City,Retail,150,0.3800,"2020-08-07",Series D,United States,186.40,"2026-09-20 19:53:21"
1778,The Appraisal Lane,Montevideo,Transportation,,,"2020-08-07",Seed,Uruguay,1.80,"2026-09-20 19:53:21"
1779,Thriver,Toronto,Food,75,0.5000,"2020-08-06",Series B,Canada,53.00,"2026-09-20 19:53:21"
1780,Vesta,Atlanta,Sales,56,,"2020-08-05",Unknown,United States,20.00,"2026-09-20 19:53:21"
1781,Booking.com,Amsterdam,Travel,4375,0.2500,"2020-07-30",Acquired,Netherlands,,"2026-09-20 19:53:21"
1782,Buy.com / Rakuten,SF Bay Area,Retail,87,1.0000,"2020-07-30",Acquired,United States,42.40,"2026-09-20 19:53:21"
1783,tZero,New York City,Finance,,,"2020-07-30",Acquired,United States,472.00,"2026-09-20 19:53:21"
1784,Pared,SF Bay Area,Food,,,"2020-07-29",Unknown,United States,13.00,"2026-09-20 19:53:21"
1785,Procore,Los Angeles,Construction,180,0.0900,"2020-07-28",Unknown,United States,649.00,"2026-09-20 19:53:21"
1786,Swiggy,Bengaluru,Food,350,0.0500,"2020-07-27",Series I,India,1600.00,"2026-09-20 19:53:21"
1787,Zeitgold,Berlin,Finance,75,0.7200,"2020-07-27",Series B,Germany,60.18,"2026-09-20 19:53:21"
1788,Perkbox,London,HR,,,"2020-07-27",Unknown,United Kingdom,29.70,"2026-09-20 19:53:21"
1789,Checkr,SF Bay Area,HR,64,0.1200,"2020-07-23",Series D,United States,309.00,"2026-09-20 19:53:21"
1790,Sorabel,Jakarta,Retail,,1.0000,"2020-07-23",Series B,Indonesia,27.00,"2026-09-20 19:53:21"
1791,LinkedIn,SF Bay Area,Recruiting,960,0.0600,"2020-07-21",Acquired,United States,154.00,"2026-09-20 19:53:21"
1792,Lighter Capital,Seattle,Finance,22,0.4900,"2020-07-20",Series B,United States,15.00,"2026-09-20 19:53:21"
1793,Curefit,Bengaluru,Fitness,120,,"2020-07-17",Series D,India,404.60,"2026-09-20 19:53:21"
1794,Snaptravel,Toronto,Travel,,,"2020-07-16",Series A,Canada,22.40,"2026-09-20 19:53:21"
1795,Optimizely,SF Bay Area,Marketing,60,0.1500,"2020-07-15",Series D,United States,251.20,"2026-09-20 19:53:21"
1796,Skyscanner,Edinburgh,Travel,300,0.2000,"2020-07-14",Acquired,United Kingdom,197.20,"2026-09-20 19:53:21"
1797,Vox Media,Washington D.C.,Media,,,"2020-07-14",Series F,United States,307.60,"2026-09-20 19:53:21"
1798,Yelp,SF Bay Area,Consumer,63,,"2020-07-13",Post-IPO,United States,56.00,"2026-09-20 19:53:21"
1799,Bizongo,Mumbai,Logistics,140,,"2020-07-10",Series C,India,70.00,"2026-09-20 19:53:21"
1800,Zilingo,Singapore,Retail,100,0.1200,"2020-07-09",Series D,Singapore,307.00,"2026-09-20 19:53:21"
1801,PaySense,Mumbai,Finance,40,,"2020-07-09",Acquired,India,25.60,"2026-09-20 19:53:21"
1802,Funding Circle,SF Bay Area,Finance,85,,"2020-07-08",Post-IPO,United States,746.00,"2026-09-20 19:53:21"
1803,OnDeck,New York City,Finance,,,"2020-07-08",Post-IPO,United States,1200.00,"2026-09-20 19:53:21"
1804,The Wing,New York City,Real Estate,56,,"2020-07-01",Series C,United States,117.00,"2026-09-20 19:53:21"
1805,Sharethrough,SF Bay Area,Marketing,18,,"2020-07-01",Series D,United States,38.00,"2026-09-20 19:53:21"
1806,Kongregate,SF Bay Area,Media,12,,"2020-07-01",Series C,United States,19.00,"2026-09-20 19:53:21"
1807,Havenly,Denver,Consumer,5,,"2020-07-01",Series C,United States,57.80,"2026-09-20 19:53:21"
1808,G2,Chicago,Marketing,17,0.0500,"2020-06-30",Series C,United States,100.80,"2026-09-20 19:53:21"
1809,Hired,SF Bay Area,Recruiting,,,"2020-06-30",Series D,United States,132.00,"2026-09-20 19:53:21"
1810,Katerra,SF Bay Area,Construction,400,0.0700,"2020-06-29",Series E,United States,1300.00,"2026-09-20 19:53:21"
1811,Bounce,Bengaluru,Transportation,130,0.2200,"2020-06-29",Series D,India,214.20,"2026-09-20 19:53:21"
1812,Argo AI,Munich,Transportation,100,,"2020-06-29",Unknown,Germany,3600.00,"2026-09-20 19:53:21"
1813,Bossa Nova,SF Bay Area,Retail,61,,"2020-06-29",Unknown,United States,101.60,"2026-09-20 19:53:21"
1814,New Relic,Portland,Infrastructure,20,,"2020-06-29",Post-IPO,United States,214.50,"2026-09-20 19:53:21"
1815,Engine eCommerce,Fayetteville,Retail,,1.0000,"2020-06-28",Unknown,United States,4.00,"2026-09-20 19:53:21"
1816,Byton,SF Bay Area,Transportation,,,"2020-06-27",Series C,United States,1200.00,"2026-09-20 19:53:21"
1817,Sprinklr,New York City,Support,,,"2020-06-25",Series F,United States,228.00,"2026-09-20 19:53:21"
1818,GoDaddy,Austin,Marketing,451,0.0600,"2020-06-24",Post-IPO,United States,,"2026-09-20 19:53:21"
1819,Sonos,New York City,Consumer,174,0.1200,"2020-06-24",Post-IPO,United States,455.20,"2026-09-20 19:53:21"
1820,OYO,Dallas,Travel,,,"2020-06-24",Series F,United States,3200.00,"2026-09-20 19:53:21"
1821,Gojek,Jakarta,Transportation,430,0.0900,"2020-06-23",Series F,Indonesia,4800.00,"2026-09-20 19:53:21"
1822,ScaleFactor,Austin,Finance,90,0.9000,"2020-06-23",Series C,United States,103.00,"2026-09-20 19:53:21"
1823,Dark,SF Bay Area,Product,6,1.0000,"2020-06-23",Seed,United States,3.00,"2026-09-20 19:53:21"
1824,Intuit,SF Bay Area,Finance,715,0.0700,"2020-06-22",Post-IPO,United States,18.00,"2026-09-20 19:53:21"
1825,WeWork,London,Real Estate,200,,"2020-06-19",Series H,United Kingdom,19500.00,"2026-09-20 19:53:21"
1826,Atlas Obscura,New York City,Media,15,,"2020-06-18",Series B,United States,32.00,"2026-09-20 19:53:21"
1827,Navi,Bengaluru,Finance,40,0.2500,"2020-06-17",Private Equity,India,582.00,"2026-09-20 19:53:21"
1828,PaisaBazaar,Gurugram,Finance,1500,0.5000,"2020-06-16",Series G,India,496.00,"2026-09-20 19:53:21"
1829,Grab,Singapore,Transportation,360,0.0500,"2020-06-16",Series I,Singapore,9900.00,"2026-09-20 19:53:21"
1830,Splunk,SF Bay Area,Data,70,0.0100,"2020-06-16",Post-IPO,United States,40.00,"2026-09-20 19:53:21"
1831,Redox,Madison,Healthcare,44,0.2500,"2020-06-16",Series C,United States,50.00,"2026-09-20 19:53:21"
1832,Conga,Denver,Data,,0.1100,"2020-06-15",Acquired,United States,117.00,"2026-09-20 19:53:21"
1833,Stockwell AI,SF Bay Area,Retail,,1.0000,"2020-06-15",Series B,United States,10.00,"2026-09-20 19:53:21"
1834,Uber,Amsterdam,Transportation,225,0.2500,"2020-06-12",Post-IPO,Netherlands,24700.00,"2026-09-20 19:53:21"
1835,SynapseFI,SF Bay Area,Finance,63,0.4800,"2020-06-12",Series B,United States,50.00,"2026-09-20 19:53:21"
1836,ScaleFocus,Sofia,Infrastructure,120,0.1000,"2020-06-11",Unknown,Bulgaria,,"2026-09-20 19:53:21"
1837,Branch,New York City,Retail,3,0.2700,"2020-06-11",Seed,United States,2.00,"2026-09-20 19:53:21"
1838,Her Campus Media,Boston,Media,10,0.1800,"2020-06-10",Unknown,United States,,"2026-09-20 19:53:21"
1839,Integrate.ai,Toronto,Support,26,,"2020-06-09",Unknown,Canada,39.60,"2026-09-20 19:53:21"
1840,The Athletic,SF Bay Area,Media,46,0.0800,"2020-06-05",Series D,United States,139.00,"2026-09-20 19:53:21"
1841,Ethos Life,SF Bay Area,Finance,18,0.1400,"2020-06-05",Series C,United States,106.00,"2026-09-20 19:53:21"
1842,Lastline,SF Bay Area,Security,50,0.4000,"2020-06-04",Series C,United States,52.00,"2026-09-20 19:53:21"
1843,Builder,Los Angeles,Product,39,0.1400,"2020-06-04",Series A,United States,29.00,"2026-09-20 19:53:21"
1844,Outdoorsy,SF Bay Area,Transportation,,,"2020-06-04",Series C,United States,75.00,"2026-09-20 19:53:21"
1845,Monzo,London,Finance,120,0.0800,"2020-06-03",Series F,United Kingdom,324.00,"2026-09-20 19:53:21"
1846,Kitty Hawk,SF Bay Area,Aerospace,70,,"2020-06-03",Unknown,United States,1.00,"2026-09-20 19:53:21"
1847,SpotHero,Chicago,Transportation,40,0.2100,"2020-06-03",Series D,United States,117.00,"2026-09-20 19:53:21"
1848,Credit Sesame,SF Bay Area,Finance,22,0.1400,"2020-06-03",Series F,United States,120.00,"2026-09-20 19:53:21"
1849,Circ,Berlin,Transportation,100,,"2020-06-02",Acquired,Germany,55.00,"2026-09-20 19:53:21"
1850,Rivian,Detroit,Transportation,40,0.0200,"2020-06-02",Private Equity,United States,3100.00,"2026-09-20 19:53:21"
1851,Fundbox,SF Bay Area,Finance,14,0.1500,"2020-06-02",Series C,United States,453.00,"2026-09-20 19:53:21"
1852,Descartes Labs,Santa Fe,Data,12,0.1600,"2020-06-02",Series B,United States,58.00,"2026-09-20 19:53:21"
1853,MakerBot,New York City,Consumer,12,,"2020-06-02",Acquired,United States,10.00,"2026-09-20 19:53:21"
1854,Stitch Fix,SF Bay Area,Retail,1400,0.1800,"2020-06-01",Post-IPO,United States,79.00,"2026-09-20 19:53:21"
1855,MakeMyTrip,Gurugram,Travel,350,0.1000,"2020-06-01",Post-IPO,India,548.00,"2026-09-20 19:53:21"
1856,CrowdStreet,Portland,Real Estate,24,0.2200,"2020-06-01",Series C,United States,24.00,"2026-09-20 19:53:21"
1857,Brex,SF Bay Area,Finance,62,0.1500,"2020-05-29",Series C,United States,732.00,"2026-09-20 19:53:21"
1858,Loftium,Seattle,Real Estate,32,0.6000,"2020-05-29",Series A,United States,17.00,"2026-09-20 19:53:21"
1859,BookMyShow,Mumbai,Consumer,270,0.1800,"2020-05-28",Unknown,India,224.00,"2026-09-20 19:53:21"
1860,TrueCar,Los Angeles,Transportation,219,0.3000,"2020-05-28",Post-IPO,United States,340.00,"2026-09-20 19:53:21"
1861,StubHub,SF Bay Area,Consumer,200,,"2020-05-28",Acquired,United States,19.00,"2026-09-20 19:53:21"
1862,Culture Amp,Melbourne,HR,36,0.0800,"2020-05-28",Series E,Australia,157.00,"2026-09-20 19:53:21"
1863,The Sill,New York City,Retail,20,0.2500,"2020-05-28",Series A,United States,7.00,"2026-09-20 19:53:21"
1864,Instructure,Salt Lake City,Education,150,0.1200,"2020-05-27",Acquired,United States,89.00,"2026-09-20 19:53:21"
1865,Ebanx,Curitiba,Finance,62,0.0800,"2020-05-27",Unknown,Brazil,30.00,"2026-09-20 19:53:21"
1866,Uber,Bengaluru,Transportation,600,0.2300,"2020-05-26",Post-IPO,India,24700.00,"2026-09-20 19:53:21"
1867,Bluprint,Denver,Education,137,1.0000,"2020-05-26",Acquired,United States,108.00,"2026-09-20 19:53:21"
1868,Acorns,Portland,Finance,50,,"2020-05-26",Unknown,United States,207.00,"2026-09-20 19:53:21"
1869,CarDekho,Gurugram,Transportation,200,,"2020-05-25",Series D,India,247.00,"2026-09-20 19:53:21"
1870,Teamwork,Cork,Other,21,,"2020-05-22",Unknown,Ireland,,"2026-09-20 19:53:21"
1871,Cvent,Washington D.C.,Marketing,400,0.1000,"2020-05-21",Acquired,United States,146.00,"2026-09-20 19:53:21"
1872,PickYourTrail,Chennai,Travel,70,0.3500,"2020-05-21",Series A,India,3.00,"2026-09-20 19:53:21"
1873,Glitch,New York City,Product,18,0.3600,"2020-05-21",Series A,United States,30.00,"2026-09-20 19:53:21"
1874,Kapten / Free Now,Paris,Transportation,,,"2020-05-21",Acquired,France,100.00,"2026-09-20 19:53:21"
1875,Ola,Bengaluru,Transportation,1400,0.3500,"2020-05-20",Series J,India,3800.00,"2026-09-20 19:53:21"
1876,Samsara,SF Bay Area,Logistics,300,0.1800,"2020-05-20",Series F,United States,530.00,"2026-09-20 19:53:21"
1877,Stay Alfred,Spokane,Travel,221,1.0000,"2020-05-20",Series B,United States,62.00,"2026-09-20 19:53:21"
1878,SoFi,SF Bay Area,Finance,112,0.0700,"2020-05-20",Private Equity,United States,2500.00,"2026-09-20 19:53:21"
1879,ShareChat,Bengaluru,Marketing,101,0.2500,"2020-05-20",Series D,India,222.00,"2026-09-20 19:53:21"
1880,Intercom,SF Bay Area,Support,39,0.0600,"2020-05-20",Series D,United States,240.00,"2026-09-20 19:53:21"
1881,Livspace,Bengaluru,Retail,450,0.1500,"2020-05-19",Series D,India,157.00,"2026-09-20 19:53:21"
1882,Pollen,London,Travel,69,0.3100,"2020-05-19",Series B,United Kingdom,88.00,"2026-09-20 19:53:21"
1883,Dotscience,London,Product,10,1.0000,"2020-05-19",Unknown,United Kingdom,,"2026-09-20 19:53:21"
1884,Divvy,Salt Lake City,Finance,,,"2020-05-19",Series C,United States,252.00,"2026-09-20 19:53:21"
1885,Uber,SF Bay Area,Transportation,3000,0.1300,"2020-05-18",Post-IPO,United States,24700.00,"2026-09-20 19:53:21"
1886,Agoda,Singapore,Travel,1500,0.2500,"2020-05-18",Acquired,Singapore,,"2026-09-20 19:53:21"
1887,Swiggy,Bengaluru,Food,1100,0.1400,"2020-05-18",Series I,India,1600.00,"2026-09-20 19:53:21"
1888,WeWork,New Delhi,Real Estate,100,0.2000,"2020-05-18",Series H,India,19500.00,"2026-09-20 19:53:21"
1889,Rubrik,SF Bay Area,Infrastructure,57,,"2020-05-18",Series E,United States,553.00,"2026-09-20 19:53:21"
1890,Intapp,SF Bay Area,Legal,45,0.0500,"2020-05-18",Private Equity,United States,,"2026-09-20 19:53:21"
1891,Checkmarx,Tel Aviv,Security,,,"2020-05-18",Acquired,Israel,92.00,"2026-09-20 19:53:21"
1892,Datera,SF Bay Area,Infrastructure,,0.1000,"2020-05-18",Series C,United States,63.00,"2026-09-20 19:53:21"
1893,Magicbricks,Noida,Real Estate,250,,"2020-05-17",Unknown,India,300.00,"2026-09-20 19:53:21"
1894,Zomato,Gurugram,Food,520,0.1300,"2020-05-15",Series J,India,914.00,"2026-09-20 19:53:21"
1895,Lendingkart,Ahmedabad,Finance,500,0.5000,"2020-05-15",Unknown,India,200.00,"2026-09-20 19:53:21"
1896,Lattice,SF Bay Area,HR,16,0.1000,"2020-05-15",Series C,United States,49.00,"2026-09-20 19:53:21"
1897,Masse,New York City,Retail,,1.0000,"2020-05-15",Seed,United States,3.00,"2026-09-20 19:53:21"
1898,Cruise,SF Bay Area,Transportation,150,0.0800,"2020-05-14",Acquired,United States,5300.00,"2026-09-20 19:53:21"
1899,Quartz,New York City,Media,80,0.4000,"2020-05-14",Acquired,United States,,"2026-09-20 19:53:21"
1900,Integral Ad Science,New York City,Marketing,70,0.1000,"2020-05-14",Acquired,United States,116.00,"2026-09-20 19:53:21"
1901,Ridecell,SF Bay Area,Transportation,35,0.1500,"2020-05-14",Series B,United States,73.00,"2026-09-20 19:53:21"
1902,Veem,SF Bay Area,Finance,30,,"2020-05-14",Unknown,United States,69.00,"2026-09-20 19:53:21"
1903,Sift,SF Bay Area,Security,,,"2020-05-14",Series D,United States,106.00,"2026-09-20 19:53:21"
1904,Workfront,Salt Lake City,Marketing,,,"2020-05-14",Series C,United States,375.00,"2026-09-20 19:53:21"
1905,Deliv,SF Bay Area,Retail,669,1.0000,"2020-05-13",Series C,United States,80.00,"2026-09-20 19:53:21"
1906,Mercos,Joinville,Sales,51,0.4000,"2020-05-13",Unknown,Brazil,2.00,"2026-09-20 19:53:21"
1907,Kickstarter,New York City,Finance,25,0.1800,"2020-05-13",Unknown,United States,10.00,"2026-09-20 19:53:21"
1908,Intersect,Toronto,Product,19,0.1100,"2020-05-13",Acquired,Canada,,"2026-09-20 19:53:21"
1909,Mode Analytics,SF Bay Area,Data,17,,"2020-05-13",Series C,United States,46.00,"2026-09-20 19:53:21"
1910,BetterCloud,New York City,Security,,,"2020-05-13",Series E,United States,111.00,"2026-09-20 19:53:21"
1911,WeFit,Hanoi,Fitness,,1.0000,"2020-05-13",Seed,Vietnam,1.00,"2026-09-20 19:53:21"
1912,Zymergen,SF Bay Area,Other,,0.1000,"2020-05-13",Series C,United States,574.00,"2026-09-20 19:53:21"
1913,Stone,Sao Paulo,Finance,1300,0.2000,"2020-05-12",Post-IPO,Brazil,,"2026-09-20 19:53:21"
1914,Zeus Living,SF Bay Area,Real Estate,73,0.5000,"2020-05-12",Series B,United States,79.00,"2026-09-20 19:53:21"
1915,Mixpanel,SF Bay Area,Data,65,0.1900,"2020-05-12",Series B,United States,77.00,"2026-09-20 19:53:21"
1916,Hireology,Chicago,Recruiting,36,0.1700,"2020-05-12",Series D,United States,52.00,"2026-09-20 19:53:21"
1917,Top Hat,Toronto,Education,16,0.0300,"2020-05-12",Series D,Canada,104.00,"2026-09-20 19:53:21"
1918,Datto,Norwalk,Infrastructure,,,"2020-05-12",Acquired,United States,100.00,"2026-09-20 19:53:21"
1919,Petal,New York City,Finance,,,"2020-05-12",Series B,United States,47.00,"2026-09-20 19:53:21"
1920,Revolut,London,Finance,60,0.0300,"2020-05-11",Series D,United Kingdom,837.00,"2026-09-20 19:53:21"
1921,Cadre,New York City,Real Estate,28,0.2500,"2020-05-11",Series C,United States,133.00,"2026-09-20 19:53:21"
1922,N26,New York City,Finance,9,0.0100,"2020-05-08",Series D,United States,782.00,"2026-09-20 19:53:21"
1923,Jump,New York City,Transportation,500,1.0000,"2020-05-07",Acquired,United States,11.00,"2026-09-20 19:53:21"
1924,Glassdoor,SF Bay Area,Recruiting,300,0.3000,"2020-05-07",Acquired,United States,204.00,"2026-09-20 19:53:21"
1925,Numbrs,Zurich,Finance,62,0.5000,"2020-05-07",Series B,Switzerland,78.00,"2026-09-20 19:53:21"
1926,Flywire,Boston,Finance,60,0.1200,"2020-05-07",Series E,United States,263.00,"2026-09-20 19:53:21"
1927,SalesLoft,Atlanta,Sales,55,,"2020-05-07",Series D,United States,145.00,"2026-09-20 19:53:21"
1928,Tally,SF Bay Area,Finance,28,0.2300,"2020-05-07",Series C,United States,92.00,"2026-09-20 19:53:21"
1929,Airy Rooms,Jakarta,Travel,,1.0000,"2020-05-07",Unknown,Indonesia,,"2026-09-20 19:53:21"
1930,Uber,SF Bay Area,Transportation,3700,0.1400,"2020-05-06",Post-IPO,United States,24700.00,"2026-09-20 19:53:21"
1931,Validity,Boston,Data,130,0.3300,"2020-05-06",Private Equity,United States,,"2026-09-20 19:53:21"
1932,Flatiron School,New York City,Education,100,,"2020-05-06",Acquired,United States,15.00,"2026-09-20 19:53:21"
1933,Rubicon Project,Los Angeles,Marketing,50,0.0800,"2020-05-06",Post-IPO,United States,60.00,"2026-09-20 19:53:21"
1934,Segment,SF Bay Area,Data,50,0.1000,"2020-05-06",Series D,United States,283.00,"2026-09-20 19:53:21"
1935,OPay,Lagos,Finance,,0.7000,"2020-05-06",Series B,Nigeria,170.00,"2026-09-20 19:53:21"
1936,ThoughtSpot,SF Bay Area,Data,,,"2020-05-06",Series E,United States,743.00,"2026-09-20 19:53:21"
1937,Airbnb,SF Bay Area,Travel,1900,0.2500,"2020-05-05",Private Equity,United States,5400.00,"2026-09-20 19:53:21"
1938,Juul,SF Bay Area,Consumer,900,0.3000,"2020-05-05",Unknown,United States,1500.00,"2026-09-20 19:53:21"
1939,Andela,New York City,Recruiting,135,0.1000,"2020-05-05",Series D,United States,181.00,"2026-09-20 19:53:21"
1940,Stack Overflow,New York City,Recruiting,40,0.1500,"2020-05-05",Series D,United States,68.00,"2026-09-20 19:53:21"
1941,Pipedrive,Tallinn,Sales,31,,"2020-05-05",Series C,Estonia,90.00,"2026-09-20 19:53:21"
1942,Workable,Boston,Recruiting,25,0.1000,"2020-05-05",Series C,United States,84.00,"2026-09-20 19:53:21"
1943,Cloudera,SF Bay Area,Infrastructure,,,"2020-05-05",Post-IPO,United States,1000.00,"2026-09-20 19:53:21"
1944,Handshake,SF Bay Area,Recruiting,,,"2020-05-05",Series C,United States,74.00,"2026-09-20 19:53:21"
1945,League,Toronto,Healthcare,,,"2020-05-05",Unknown,Canada,76.00,"2026-09-20 19:53:21"
1946,CureFit,Bengaluru,Fitness,800,0.1600,"2020-05-04",Series D,India,404.00,"2026-09-20 19:53:21"
1947,Careem,Dubai,Transportation,536,0.3100,"2020-05-04",Acquired,United Arab Emirates,771.00,"2026-09-20 19:53:21"
1948,Oriente,Hong Kong,Finance,400,0.2000,"2020-05-04",Series B,Hong Kong,175.00,"2026-09-20 19:53:21"
1949,Veriff,Tallinn,Security,63,0.2100,"2020-05-04",Series A,Estonia,7.00,"2026-09-20 19:53:21"
1950,Element AI,Montreal,Other,62,0.1500,"2020-05-04",Series B,Canada,257.00,"2026-09-20 19:53:21"
1951,Deputy,Sydney,HR,60,0.3000,"2020-05-04",Series B,Australia,106.00,"2026-09-20 19:53:21"
1952,Loopio,Toronto,Sales,11,0.0800,"2020-05-04",Series A,Canada,11.00,"2026-09-20 19:53:21"
1953,Castlight Health,SF Bay Area,Healthcare,,0.1300,"2020-05-04",Post-IPO,United States,184.00,"2026-09-20 19:53:21"
1954,Trivago,Dusseldorf,Travel,,,"2020-05-04",Acquired,Germany,55.00,"2026-09-20 19:53:21"
1955,Trax,Tel Aviv,Retail,120,0.1000,"2020-05-03",Series D,Israel,386.00,"2026-09-20 19:53:21"
1956,LiveTiles,New York City,Other,50,,"2020-05-03",Post-IPO,United States,46.00,"2026-09-20 19:53:21"
1957,OYO,London,Travel,150,,"2020-05-01",Series F,United Kingdom,2400.00,"2026-09-20 19:53:21"
1958,Namely,New York City,HR,110,0.4000,"2020-05-01",Series E,United States,217.00,"2026-09-20 19:53:21"
1959,Culture Trip,London,Media,95,0.3200,"2020-05-01",Series B,United Kingdom,102.00,"2026-09-20 19:53:21"
1960,Sandbox VR,SF Bay Area,Consumer,80,0.8000,"2020-05-01",Series A,United States,82.00,"2026-09-20 19:53:21"
1961,Virtudent,Boston,Healthcare,70,,"2020-05-01",Series A,United States,10.00,"2026-09-20 19:53:21"
1962,Monese,Lisbon,Finance,35,,"2020-05-01",Unknown,Portugal,80.00,"2026-09-20 19:53:21"
1963,TheSkimm,New York City,Media,26,0.2000,"2020-05-01",Series C,United States,28.00,"2026-09-20 19:53:21"
1964,Automatic,SF Bay Area,Transportation,,1.0000,"2020-05-01",Acquired,United States,24.00,"2026-09-20 19:53:21"
1965,Flynote,Bengaluru,Travel,,,"2020-05-01",Seed,India,1.00,"2026-09-20 19:53:21"
1966,Bullhorn,Boston,Sales,100,,"2020-04-30",Acquired,United States,32.00,"2026-09-20 19:53:21"
1967,Care.com,Boston,Consumer,81,,"2020-04-30",Acquired,United States,156.00,"2026-09-20 19:53:21"
1968,AirMap,Los Angeles,Aerospace,,,"2020-04-30",Unknown,United States,75.00,"2026-09-20 19:53:21"
1969,Cohesity,SF Bay Area,Data,,,"2020-04-30",Series E,United States,660.00,"2026-09-20 19:53:21"
1970,Fandom,SF Bay Area,Media,,0.1400,"2020-04-30",Series E,United States,145.00,"2026-09-20 19:53:21"
1971,PicoBrew,Seattle,Food,,1.0000,"2020-04-30",Series A,United States,15.00,"2026-09-20 19:53:21"
1972,Lyft,SF Bay Area,Transportation,982,0.1700,"2020-04-29",Post-IPO,United States,4900.00,"2026-09-20 19:53:21"
1973,WeWork,SF Bay Area,Real Estate,300,,"2020-04-29",Series H,United States,2250.00,"2026-09-20 19:53:21"
1974,Kayak / OpenTable,Stamford,Travel,160,0.0800,"2020-04-29",Acquired,United States,229.00,"2026-09-20 19:53:21"
1975,Kitopi,New York City,Food,124,,"2020-04-29",Series B,United States,89.00,"2026-09-20 19:53:21"
1976,Lime,SF Bay Area,Transportation,80,0.1300,"2020-04-29",Series D,United States,765.00,"2026-09-20 19:53:21"
1977,Transfix,New York City,Logistics,24,0.1000,"2020-04-29",Series D,United States,128.00,"2026-09-20 19:53:21"
1978,Yoco,Cape Town,Finance,,,"2020-04-29",Series B,South Africa,23.00,"2026-09-20 19:53:21"
1979,TripAdvisor,Boston,Travel,900,0.2500,"2020-04-28",Post-IPO,United States,3.00,"2026-09-20 19:53:21"
1980,Renmoney,Lagos,Finance,391,0.5000,"2020-04-28",Unknown,Nigeria,,"2026-09-20 19:53:21"
1981,Deliveroo,London,Food,367,0.1500,"2020-04-28",Series G,United Kingdom,1500.00,"2026-09-20 19:53:21"
1982,App Annie,SF Bay Area,Data,80,0.1800,"2020-04-28",Unknown,United States,156.00,"2026-09-20 19:53:21"
1983,OpenX,Los Angeles,Marketing,35,0.1500,"2020-04-28",Unknown,United States,70.00,"2026-09-20 19:53:21"
1984,PayJoy,SF Bay Area,Finance,27,0.2500,"2020-04-28",Series B,United States,71.00,"2026-09-20 19:53:21"
1985,Shipsi,Los Angeles,Retail,20,0.5000,"2020-04-28",Seed,United States,2.00,"2026-09-20 19:53:21"
1986,Desktop Metal,Boston,Other,,,"2020-04-28",Series E,United States,436.00,"2026-09-20 19:53:21"
1987,Migo,SF Bay Area,Finance,,0.2500,"2020-04-28",Series B,United States,37.00,"2026-09-20 19:53:21"
1988,Automation Anywhere,SF Bay Area,Other,260,0.1000,"2020-04-27",Series B,United States,840.00,"2026-09-20 19:53:21"
1989,JetClosing,Seattle,Real Estate,20,0.2000,"2020-04-27",Series A,United States,24.00,"2026-09-20 19:53:21"
1990,Qwick,Phoenix,Recruiting,,0.7000,"2020-04-27",Seed,United States,4.00,"2026-09-20 19:53:21"
1991,OYO,Sao Paulo,Travel,500,,"2020-04-25",Series F,Brazil,2400.00,"2026-09-20 19:53:21"
1992,Stoqo,Jakarta,Food,250,1.0000,"2020-04-25",Series A,Indonesia,,"2026-09-20 19:53:21"
1993,Submittable,Missoula,Other,30,0.2000,"2020-04-25",Series B,United States,17.00,"2026-09-20 19:53:21"
1994,Divergent 3D,Los Angeles,Transportation,57,0.3600,"2020-04-24",Series B,United States,88.00,"2026-09-20 19:53:21"
1995,Ada Support,Toronto,Support,36,0.2300,"2020-04-24",Series B,Canada,60.00,"2026-09-20 19:53:21"
1996,UPshow,Chicago,Marketing,19,0.3000,"2020-04-24",Series A,United States,7.00,"2026-09-20 19:53:21"
1997,Lighter Capital,Seattle,Finance,18,0.2200,"2020-04-24",Series B,United States,15.00,"2026-09-20 19:53:21"
1998,Horizn Studios,Berlin,Travel,15,0.2500,"2020-04-24",Series B,Germany,30.00,"2026-09-20 19:53:21"
1999,Welkin Health,SF Bay Area,Healthcare,10,0.3300,"2020-04-24",Series B,United States,29.00,"2026-09-20 19:53:21"
2000,Jiobit,Chicago,Consumer,6,0.2100,"2020-04-24",Unknown,United States,12.00,"2026-09-20 19:53:21"
2001,TutorMundi,Sao Paulo,Education,4,1.0000,"2020-04-24",Series A,Brazil,2.00,"2026-09-20 19:53:21"
2002,Cheddar,New York City,Media,,,"2020-04-24",Acquired,United States,54.00,"2026-09-20 19:53:21"
2003,GoCardless,London,Finance,,,"2020-04-24",Series E,United Kingdom,122.00,"2026-09-20 19:53:21"
2004,StockX,Detroit,Retail,100,0.1200,"2020-04-23",Series C,United States,160.00,"2026-09-20 19:53:21"
2005,Zenefits,SF Bay Area,HR,87,0.1500,"2020-04-23",Series C,United States,583.00,"2026-09-20 19:53:21"
2006,Sisense,New York City,Data,80,0.0900,"2020-04-23",Series F,United States,274.00,"2026-09-20 19:53:21"
2007,Oscar Health,New York City,Healthcare,70,0.0500,"2020-04-23",Unknown,United States,1300.00,"2026-09-20 19:53:21"
2008,Simon Data,New York City,Marketing,6,,"2020-04-23",Series C,United States,68.00,"2026-09-20 19:53:21"
2009,Convoy,Seattle,Logistics,,0.0100,"2020-04-23",Series D,United States,665.00,"2026-09-20 19:53:21"
2010,PowerReviews,Chicago,Retail,,,"2020-04-23",Acquired,United States,78.00,"2026-09-20 19:53:21"
2011,Singular,SF Bay Area,Marketing,,,"2020-04-23",Series B,United States,50.00,"2026-09-20 19:53:21"
2012,Magic Leap,Miami,Consumer,1000,0.5000,"2020-04-22",Series E,United States,2600.00,"2026-09-20 19:53:21"
2013,When I Work,Minneapolis,HR,55,0.3500,"2020-04-22",Series B,United States,24.00,"2026-09-20 19:53:21"
2014,Ike,SF Bay Area,Transportation,10,0.1400,"2020-04-22",Series A,United States,52.00,"2026-09-20 19:53:21"
2015,Airy Rooms,Jakarta,Travel,,0.7000,"2020-04-22",Unknown,Indonesia,,"2026-09-20 19:53:21"
2016,Clearbit,SF Bay Area,Data,,,"2020-04-22",Series A,United States,17.00,"2026-09-20 19:53:21"
2017,ExtraHop,Seattle,Security,,,"2020-04-22",Series C,United States,61.00,"2026-09-20 19:53:21"
2018,Nearmap,Sydney,Construction,,0.1000,"2020-04-22",Post-IPO,Australia,15.00,"2026-09-20 19:53:21"
2019,Swiggy,Bengaluru,Food,800,,"2020-04-21",Series I,India,1600.00,"2026-09-20 19:53:21"
2020,Paytm,New Delhi,Finance,500,,"2020-04-21",Unknown,India,2200.00,"2026-09-20 19:53:21"
2021,Lending Club,SF Bay Area,Finance,460,0.3000,"2020-04-21",Post-IPO,United States,392.00,"2026-09-20 19:53:21"
2022,Houzz,SF Bay Area,Consumer,155,0.1000,"2020-04-21",Series E,United States,613.00,"2026-09-20 19:53:21"
2023,Casper,New York City,Retail,78,0.2100,"2020-04-21",Post-IPO,United States,339.00,"2026-09-20 19:53:21"
2024,RealSelf,Seattle,Healthcare,40,0.1300,"2020-04-21",Series B,United States,42.00,"2026-09-20 19:53:21"
2025,Freshbooks,Toronto,Finance,38,0.0900,"2020-04-21",Series B,Canada,75.00,"2026-09-20 19:53:21"
2026,Patreon,SF Bay Area,Media,30,0.1300,"2020-04-21",Series D,United States,165.00,"2026-09-20 19:53:21"
2027,Lambda School,SF Bay Area,Education,19,,"2020-04-21",Series B,United States,48.00,"2026-09-20 19:53:21"
2028,Politico / Protocol,Washington D.C.,Media,13,,"2020-04-21",Unknown,United States,,"2026-09-20 19:53:21"
2029,Bringg,Tel Aviv,Logistics,10,0.1000,"2020-04-21",Series D,Israel,84.00,"2026-09-20 19:53:21"
2030,Klook,Hong Kong,Travel,300,0.1500,"2020-04-20",Series D,Hong Kong,521.00,"2026-09-20 19:53:21"
2031,ConsenSys,New York City,Crypto,91,0.1400,"2020-04-20",Unknown,United States,10.00,"2026-09-20 19:53:21"
2032,GumGum,Los Angeles,Marketing,90,0.2500,"2020-04-20",Series D,United States,58.00,"2026-09-20 19:53:21"
2033,Kueski,Guadalajara,Finance,90,0.3000,"2020-04-20",Series B,Mexico,38.00,"2026-09-20 19:53:21"
2034,Movidesk,Blumenau,Support,33,0.2500,"2020-04-20",Seed,Brazil,1.00,"2026-09-20 19:53:21"
2035,Zum,SF Bay Area,Transportation,28,,"2020-04-20",Series C,United States,71.00,"2026-09-20 19:53:21"
2036,Komodo Health,SF Bay Area,Healthcare,23,0.0900,"2020-04-20",Series C,United States,50.00,"2026-09-20 19:53:21"
2037,Forward,SF Bay Area,Healthcare,10,0.0300,"2020-04-20",Series C,United States,100.00,"2026-09-20 19:53:21"
2038,Hipcamp,SF Bay Area,Travel,,0.6000,"2020-04-20",Series B,United States,40.50,"2026-09-20 19:53:21"
2039,Motif Investing,SF Bay Area,Finance,,1.0000,"2020-04-18",Series E,United States,126.00,"2026-09-20 19:53:21"
2040,BlackBuck,Bengaluru,Logistics,200,,"2020-04-17",Series D,India,293.00,"2026-09-20 19:53:21"
2041,ContaAzul,Joinville,Education,140,0.3500,"2020-04-17",Series D,Brazil,37.00,"2026-09-20 19:53:21"
2042,Greenhouse Software,New York City,Recruiting,120,0.2800,"2020-04-17",Series D,United States,110.00,"2026-09-20 19:53:21"
2043,QuintoAndar,Sao Paulo,Real Estate,88,0.0800,"2020-04-17",Series D,Brazil,335.00,"2026-09-20 19:53:21"
2044,Loft,Sao Paulo,Real Estate,47,0.1000,"2020-04-17",Series C,Brazil,263.00,"2026-09-20 19:53:21"
2045,Zilingo,Singapore,Retail,44,0.0500,"2020-04-17",Series D,Singapore,307.00,"2026-09-20 19:53:21"
2046,Labster,Copenhagen,Education,40,,"2020-04-17",Series B,Denmark,34.00,"2026-09-20 19:53:21"
2047,Sweetgreen,Los Angeles,Food,35,0.1000,"2020-04-17",Series I,United States,478.00,"2026-09-20 19:53:21"
2048,People.ai,SF Bay Area,Marketing,30,0.1800,"2020-04-17",Series C,United States,100.00,"2026-09-20 19:53:21"
2049,Tor,Boston,Security,13,0.3700,"2020-04-17",Unknown,United States,1.00,"2026-09-20 19:53:21"
2050,BitGo,SF Bay Area,Crypto,,0.1200,"2020-04-17",Series B,United States,69.00,"2026-09-20 19:53:21"
2051,Dispatch,Boston,Other,,0.3800,"2020-04-17",Series A,United States,18.00,"2026-09-20 19:53:21"
2052,Food52,New York City,Food,,,"2020-04-17",Acquired,United States,96.00,"2026-09-20 19:53:21"
2053,Influitive,Toronto,Marketing,,,"2020-04-17",Unknown,Canada,59.00,"2026-09-20 19:53:21"
2054,CarGurus,Boston,Transportation,130,0.1300,"2020-04-16",Post-IPO,United States,1.00,"2026-09-20 19:53:21"
2055,Funding Societies,Singapore,Finance,65,0.1800,"2020-04-16",Series B,Singapore,42.00,"2026-09-20 19:53:21"
2056,CleverTap,Mumbai,Marketing,60,0.2000,"2020-04-16",Series C,India,76.00,"2026-09-20 19:53:21"
2057,CrowdRiff,Toronto,Marketing,,,"2020-04-16",Series A,Canada,11.00,"2026-09-20 19:53:21"
2058,FullStory,Atlanta,Marketing,,,"2020-04-16",Series C,United States,59.00,"2026-09-20 19:53:21"
2059,Grailed,New York City,Retail,,,"2020-04-16",Series A,United States,16.00,"2026-09-20 19:53:21"
2060,LumenAd,Missoula,Marketing,,,"2020-04-16",Unknown,United States,,"2026-09-20 19:53:21"
2061,Purse,SF Bay Area,Crypto,,1.0000,"2020-04-16",Seed,United States,1.00,"2026-09-20 19:53:21"
2062,SquadVoice,Columbus,Real Estate,,,"2020-04-16",Series A,United States,2.00,"2026-09-20 19:53:21"
2063,Opendoor,SF Bay Area,Real Estate,600,0.3500,"2020-04-15",Series E,United States,1500.00,"2026-09-20 19:53:21"
2064,GoPro,SF Bay Area,Consumer,200,0.2000,"2020-04-15",Post-IPO,United States,288.00,"2026-09-20 19:53:21"
2065,Shop101,Mumbai,Retail,200,0.4000,"2020-04-15",Series C,India,19.00,"2026-09-20 19:53:21"
2066,Zume,SF Bay Area,Food,200,0.6700,"2020-04-15",Unknown,United States,423.00,"2026-09-20 19:53:21"
2067,Carta,SF Bay Area,Finance,161,0.1600,"2020-04-15",Series E,United States,447.00,"2026-09-20 19:53:21"
2068,Akulaku,Jakarta,Finance,100,,"2020-04-15",Series D,Indonesia,160.00,"2026-09-20 19:53:21"
2069,Parsable,SF Bay Area,HR,40,0.2500,"2020-04-15",Series C,United States,72.00,"2026-09-20 19:53:21"
2070,Kodiak Robotics,SF Bay Area,Transportation,15,0.2000,"2020-04-15",Series A,United States,40.00,"2026-09-20 19:53:21"
2071,Tulip Retail,Toronto,Retail,14,,"2020-04-15",Series B,Canada,51.00,"2026-09-20 19:53:21"
2072,Trove Recommerce,SF Bay Area,Retail,13,,"2020-04-15",Series C,United States,34.00,"2026-09-20 19:53:21"
2073,Dude Solutions,Raleigh,Other,,0.2000,"2020-04-15",Acquired,United States,100.00,"2026-09-20 19:53:21"
2074,SweetEscape,Jakarta,Consumer,,0.3000,"2020-04-15",Series A,Indonesia,7.00,"2026-09-20 19:53:21"
2075,View,SF Bay Area,Energy,,,"2020-04-15",Series H,United States,1800.00,"2026-09-20 19:53:21"
2076,The RealReal,SF Bay Area,Retail,235,0.1000,"2020-04-14",Post-IPO,United States,358.00,"2026-09-20 19:53:21"
2077,TouchBistro,Toronto,Food,131,0.2300,"2020-04-14",Series E,Canada,224.00,"2026-09-20 19:53:21"
2078,Envoy,SF Bay Area,HR,58,0.3000,"2020-04-14",Series B,United States,59.00,"2026-09-20 19:53:21"
2079,VSCO,SF Bay Area,Consumer,45,0.3500,"2020-04-14",Series B,United States,90.00,"2026-09-20 19:53:21"
2080,Skillz,SF Bay Area,Consumer,21,,"2020-04-14",Series D,United States,132.00,"2026-09-20 19:53:21"
2081,DataStax,SF Bay Area,Data,15,,"2020-04-14",Series E,United States,190.00,"2026-09-20 19:53:21"
2082,Xerpa,Sao Paulo,HR,10,,"2020-04-14",Unknown,Brazil,5.00,"2026-09-20 19:53:21"
2083,Aura Financial,SF Bay Area,Finance,,,"2020-04-14",Unknown,United States,584.00,"2026-09-20 19:53:21"
2084,RedDoorz,Singapore,Travel,,,"2020-04-14",Series C,Singapore,134.00,"2026-09-20 19:53:21"
2085,Groupon,Chicago,Retail,2800,0.4400,"2020-04-13",Post-IPO,United States,1400.00,"2026-09-20 19:53:21"
2086,Zoox,SF Bay Area,Transportation,100,0.1000,"2020-04-13",Series B,United States,955.00,"2026-09-20 19:53:21"
2087,Neon,Sao Paulo,Finance,70,0.1000,"2020-04-13",Series B,Brazil,120.00,"2026-09-20 19:53:21"
2088,EasyPost,SF Bay Area,Logistics,50,0.2500,"2020-04-13",Series A,United States,12.00,"2026-09-20 19:53:21"
2089,Clearbanc,Toronto,Finance,17,0.0800,"2020-04-13",Series B,Canada,119.00,"2026-09-20 19:53:21"
2090,Meow Wolf,Santa Fe,Media,201,,"2020-04-10",Unknown,United States,185.00,"2026-09-20 19:53:21"
2091,Frontdesk,Milwaukee,Travel,35,0.1600,"2020-04-10",Unknown,United States,3.00,"2026-09-20 19:53:21"
2092,BeeTech,Sao Paulo,Finance,30,,"2020-04-10",Series B,Brazil,14.00,"2026-09-20 19:53:21"
2093,Built In,Chicago,Recruiting,28,,"2020-04-10",Series C,United States,29.00,"2026-09-20 19:53:21"
2094,NuoDB,Boston,Data,20,0.2900,"2020-04-10",Unknown,United States,85.00,"2026-09-20 19:53:21"
2095,Rhumbix,SF Bay Area,Construction,16,0.2700,"2020-04-10",Series B,United States,35.00,"2026-09-20 19:53:21"
2096,Atsu,Seattle,Infrastructure,6,1.0000,"2020-04-10",Unknown,United States,1.00,"2026-09-20 19:53:21"
2097,Geekwire,Seattle,Media,5,0.3100,"2020-04-10",Unknown,United States,,"2026-09-20 19:53:21"
2098,FloQast,Los Angeles,Finance,,,"2020-04-10",Series C,United States,119.00,"2026-09-20 19:53:21"
2099,Yelp,SF Bay Area,Consumer,1000,0.1700,"2020-04-09",Post-IPO,United States,56.00,"2026-09-20 19:53:21"
2100,Monzo,Las Vegas,Finance,165,,"2020-04-09",Series F,United States,324.00,"2026-09-20 19:53:21"
2101,OneTrust,Atlanta,Legal,150,0.1000,"2020-04-09",Series B,United States,410.00,"2026-09-20 19:53:21"
2102,Omie,Sao Paulo,Finance,136,0.3100,"2020-04-09",Series B,Brazil,26.00,"2026-09-20 19:53:21"
2103,Domo,Salt Lake City,Data,90,0.1000,"2020-04-09",Post-IPO,United States,689.00,"2026-09-20 19:53:21"
2104,Matterport,SF Bay Area,Data,90,0.3400,"2020-04-09",Series D,United States,114.00,"2026-09-20 19:53:21"
2105,Clinc,Ann Arbor,Support,40,0.3200,"2020-04-09",Series B,United States,59.00,"2026-09-20 19:53:21"
2106,Mejuri,Toronto,Retail,36,0.1500,"2020-04-09",Series B,Canada,28.00,"2026-09-20 19:53:21"
2107,Code42,Minneapolis,Data,25,0.0500,"2020-04-09",Series B,United States,137.50,"2026-09-20 19:53:21"
2108,Lighthouse Labs,Toronto,Education,14,0.0700,"2020-04-09",Unknown,Canada,,"2026-09-20 19:53:21"
2109,LoopMe,London,Marketing,8,0.0400,"2020-04-09",Unknown,United Kingdom,32.00,"2026-09-20 19:53:21"
2110,CipherTrace,SF Bay Area,Crypto,,,"2020-04-09",Unknown,United States,18.00,"2026-09-20 19:53:21"
2111,Elliptic,London,Crypto,,0.3000,"2020-04-09",Series B,United Kingdom,40.00,"2026-09-20 19:53:21"
2112,Zest AI,Los Angeles,Finance,,,"2020-04-09",Unknown,United States,217.00,"2026-09-20 19:53:21"
2113,Eventbrite,SF Bay Area,Consumer,500,0.4500,"2020-04-08",Post-IPO,United States,332.00,"2026-09-20 19:53:21"
2114,Meesho,Bengaluru,Retail,200,0.2800,"2020-04-08",Series D,India,215.00,"2026-09-20 19:53:21"
2115,Scoop,SF Bay Area,Transportation,92,0.3300,"2020-04-08",Series C,United States,95.00,"2026-09-20 19:53:21"
2116,Unison,SF Bay Area,Finance,89,0.4500,"2020-04-08",Series B,United States,40.00,"2026-09-20 19:53:21"
2117,Lever,SF Bay Area,Recruiting,86,0.4000,"2020-04-08",Series C,United States,72.00,"2026-09-20 19:53:21"
2118,Unbabel,Lisbon,Support,80,0.3500,"2020-04-08",Series C,Portugal,91.00,"2026-09-20 19:53:21"
2119,Button,New York City,Marketing,48,0.3500,"2020-04-08",Series C,United States,64.00,"2026-09-20 19:53:21"
2120,Eden / Managed By Q,New York City,Real Estate,40,0.4000,"2020-04-08",Series B,United States,40.00,"2026-09-20 19:53:21"
2121,Quantcast,SF Bay Area,Marketing,30,0.0500,"2020-04-08",Series C,United States,65.00,"2026-09-20 19:53:21"
2122,BVAccel,San Diego,Marketing,25,0.2500,"2020-04-08",Unknown,United States,,"2026-09-20 19:53:21"
2123,VideoAmp,Los Angeles,Marketing,21,0.1000,"2020-04-08",Series C,United States,106.00,"2026-09-20 19:53:21"
2124,Kenoby,Sao Paulo,Recruiting,18,0.1600,"2020-04-08",Unknown,Brazil,23.00,"2026-09-20 19:53:21"
2125,Connected,Toronto,Product,17,0.1000,"2020-04-08",Unknown,Canada,,"2026-09-20 19:53:21"
2126,GetNinjas,Sao Paulo,Consumer,11,0.1000,"2020-04-08",Series B,Brazil,16.00,"2026-09-20 19:53:21"
2127,Spyce,Boston,Food,4,0.1200,"2020-04-08",Series A,United States,26.00,"2026-09-20 19:53:21"
2128,Creditas,Sao Paulo,Finance,,0.0600,"2020-04-08",Series D,Brazil,314.00,"2026-09-20 19:53:21"
2129,Lytics,Portland,Marketing,,,"2020-04-08",Series C,United States,58.00,"2026-09-20 19:53:21"
2130,RedDoorz,Singapore,Travel,,0.1000,"2020-04-08",Series C,Singapore,134.00,"2026-09-20 19:53:21"
2131,Slice Labs,New York City,Finance,,,"2020-04-08",Series A,United States,35.00,"2026-09-20 19:53:21"
2132,TechAdvance,Lagos,Finance,,,"2020-04-08",Unknown,Nigeria,1.00,"2026-09-20 19:53:21"
2133,Zola,New York City,Retail,,0.2000,"2020-04-08",Series D,United States,140.00,"2026-09-20 19:53:21"
2134,Toast,Boston,Food,1300,0.5000,"2020-04-07",Series F,United States,902.00,"2026-09-20 19:53:21"
2135,ezCater,Boston,Food,400,0.4400,"2020-04-07",Series D,United States,319.00,"2026-09-20 19:53:21"
2136,Sage Therapeutics,Boston,Healthcare,340,0.5300,"2020-04-07",Post-IPO,United States,438.00,"2026-09-20 19:53:21"
2137,Redfin,Seattle,Real Estate,236,0.0700,"2020-04-07",Post-IPO,United States,319.00,"2026-09-20 19:53:21"
2138,Branch Metrics,SF Bay Area,Marketing,100,0.2000,"2020-04-07",Series E,United States,367.00,"2026-09-20 19:53:21"
2139,Newfront Insurance,SF Bay Area,Finance,94,,"2020-04-07",Unknown,United States,,"2026-09-20 19:53:21"
2140,Ibotta,Denver,Retail,87,0.1500,"2020-04-07",Series D,United States,85.00,"2026-09-20 19:53:21"
2141,Virta Health,SF Bay Area,Healthcare,65,,"2020-04-07",Series C,United States,175.00,"2026-09-20 19:53:21"
2142,Away,New York City,Retail,60,0.1000,"2020-04-07",Series D,United States,181.00,"2026-09-20 19:53:21"
2143,MediaMath,New York City,Marketing,53,0.0800,"2020-04-07",Private Equity,United States,607.00,"2026-09-20 19:53:21"
2144,Group Nine Media,New York City,Media,50,0.0700,"2020-04-07",Unknown,United States,190.00,"2026-09-20 19:53:21"
2145,Payfactors,Boston,HR,46,,"2020-04-07",Unknown,United States,,"2026-09-20 19:53:21"
2146,Nav,Salt Lake City,Finance,30,,"2020-04-07",Series C,United States,99.00,"2026-09-20 19:53:21"
2147,AskNicely,Portland,Support,,,"2020-04-07",Series A,United States,15.00,"2026-09-20 19:53:21"
2148,RainFocus,Salt Lake City,Marketing,,,"2020-04-07",Private Equity,United States,41.00,"2026-09-20 19:53:21"
2149,Metromile,SF Bay Area,Finance,100,0.3300,"2020-04-06",Series E,United States,293.00,"2026-09-20 19:53:21"
2150,Rock Content,Belo Horizonte,Marketing,100,0.2000,"2020-04-06",Series A,Brazil,0.70,"2026-09-20 19:53:21"
2151,BounceX,New York City,Marketing,77,0.2000,"2020-04-06",Series B,United States,75.00,"2026-09-20 19:53:21"
2152,C6 Bank,Sao Paulo,Finance,60,0.0600,"2020-04-06",Unknown,Brazil,,"2026-09-20 19:53:21"
2153,Wordstream,Boston,Marketing,26,0.1000,"2020-04-06",Acquired,United States,28.00,"2026-09-20 19:53:21"
2154,Cogito,Boston,Support,24,0.1400,"2020-04-06",Series C,United States,92.00,"2026-09-20 19:53:21"
2155,BusBud,Montreal,Transportation,23,0.3200,"2020-04-06",Series B,Canada,21.00,"2026-09-20 19:53:21"
2156,Borrowell,Toronto,Finance,15,0.2000,"2020-04-06",Series B,Canada,72.00,"2026-09-20 19:53:21"
2157,PerkSpot,Chicago,HR,10,0.1000,"2020-04-06",Private Equity,United States,50.00,"2026-09-20 19:53:21"
2158,Bitfarms,Quebec,Crypto,,,"2020-04-06",Post-IPO,Canada,25.00,"2026-09-20 19:53:21"
2159,Hopper,Boston,Travel,,,"2020-04-06",Series D,United States,183.00,"2026-09-20 19:53:21"
2160,Mapbox,Washington D.C.,Data,,,"2020-04-06",Series C,United States,227.00,"2026-09-20 19:53:21"
2161,Astra,SF Bay Area,Aerospace,40,0.2500,"2020-04-05",Unknown,United States,100.00,"2026-09-20 19:53:21"
2162,Iflix,Kuala Lumpur,Consumer,50,0.1200,"2020-04-04",Unknown,Malaysia,348.00,"2026-09-20 19:53:21"
2163,Gympass,Sao Paulo,Fitness,467,0.3300,"2020-04-03",Series D,Brazil,300.00,"2026-09-20 19:53:21"
2164,Sojern,SF Bay Area,Marketing,300,0.5000,"2020-04-03",Series D,United States,162.00,"2026-09-20 19:53:21"
2165,MaxMilhas,Belo Horizonte,Travel,167,0.4200,"2020-04-03",Unknown,Brazil,,"2026-09-20 19:53:21"
2166,Minted,SF Bay Area,Retail,147,0.3700,"2020-04-03",Series E,United States,297.00,"2026-09-20 19:53:21"
2167,Velodyne Lidar,SF Bay Area,Transportation,140,,"2020-04-03",Unknown,United States,225.00,"2026-09-20 19:53:21"
2168,Zoox,SF Bay Area,Transportation,120,,"2020-04-03",Series B,United States,955.00,"2026-09-20 19:53:21"
2169,Traveloka,Jakarta,Travel,100,0.1000,"2020-04-03",Unknown,Indonesia,,"2026-09-20 19:53:21"
2170,Arrive Logistics,Austin,Logistics,75,0.0700,"2020-04-03",Series B,United States,35.00,"2026-09-20 19:53:21"
2171,Salsify,Boston,Retail,60,0.1300,"2020-04-03",Series D,United States,97.00,"2026-09-20 19:53:21"
2172,Jetty,New York City,Finance,35,0.4000,"2020-04-03",Series B,United States,40.00,"2026-09-20 19:53:21"
2173,D2iQ,SF Bay Area,Infrastructure,34,0.1300,"2020-04-03",Series D,United States,247.00,"2026-09-20 19:53:21"
2174,Bustle Digital Group,New York City,Media,24,0.0800,"2020-04-03",Series E,United States,80.00,"2026-09-20 19:53:21"
2175,Bustle Digital Group,New York City,Media,19,,"2020-04-03",Series E,United States,80.00,"2026-09-20 19:53:21"
2176,Opencare,Toronto,Healthcare,18,0.2500,"2020-04-03",Series A,Canada,24.00,"2026-09-20 19:53:21"
2177,Anagram,Los Angeles,Healthcare,17,,"2020-04-03",Series A,United States,14.00,"2026-09-20 19:53:21"
2178,G/O Media Group,New York City,Media,14,0.0500,"2020-04-03",Unknown,United States,,"2026-09-20 19:53:21"
2179,DSCO,Salt Lake City,Retail,12,,"2020-04-03",Series A,United States,4.00,"2026-09-20 19:53:21"
2180,Tripbam,Dallas,Travel,10,0.2500,"2020-04-03",Unknown,United States,,"2026-09-20 19:53:21"
2181,Avantage Entertainment,Minneapolis,Media,5,0.2000,"2020-04-03",Unknown,United States,,"2026-09-20 19:53:21"
2182,Alegion,Austin,Data,,,"2020-04-03",Series A,United States,16.00,"2026-09-20 19:53:21"
2183,AllyO,SF Bay Area,HR,,,"2020-04-03",Series B,United States,64.00,"2026-09-20 19:53:21"
2184,Mews,Prague,Travel,,,"2020-04-03",Series B,Czech Republic,41.00,"2026-09-20 19:53:21"
2185,PeopleGrove,SF Bay Area,HR,,,"2020-04-03",Series A,United States,7.00,"2026-09-20 19:53:21"
2186,The Muse,New York City,Recruiting,,,"2020-04-03",Series B,United States,28.00,"2026-09-20 19:53:21"
2187,The Wing,New York City,Real Estate,,0.5000,"2020-04-03",Series C,United States,117.00,"2026-09-20 19:53:21"
2188,MindBody,San Luis Obispo,Fitness,700,0.3500,"2020-04-02",Post-IPO,United States,114.00,"2026-09-20 19:53:21"
2189,Katerra,SF Bay Area,Construction,240,0.0300,"2020-04-02",Series D,United States,1200.00,"2026-09-20 19:53:21"
2190,Ritual,Toronto,Food,196,0.5400,"2020-04-02",Series C,Canada,112.00,"2026-09-20 19:53:21"
2191,ClassPass,New York City,Fitness,154,0.2200,"2020-04-02",Series E,United States,549.00,"2026-09-20 19:53:21"
2192,eGym,Munich,Fitness,100,0.2500,"2020-04-02",Series D,Germany,109.00,"2026-09-20 19:53:21"
2193,Voi,Stockholm,Transportation,100,,"2020-04-02",Series B,Sweden,167.00,"2026-09-20 19:53:21"
2194,Industrious,New York City,Real Estate,90,0.2000,"2020-04-02",Series D,United States,222.00,"2026-09-20 19:53:21"
2195,"1stdibs",New York City,Retail,70,0.1700,"2020-04-02",Series D,United States,253.00,"2026-09-20 19:53:21"
2196,ThirdLove,SF Bay Area,Retail,65,0.3000,"2020-04-02",Series B,United States,68.00,"2026-09-20 19:53:21"
2197,Latch,New York City,Security,60,,"2020-04-02",Series B,United States,152.00,"2026-09-20 19:53:21"
2198,The Predictive Index,Boston,HR,59,0.2500,"2020-04-02",Acquired,United States,65.00,"2026-09-20 19:53:21"
2199,Shuttl,New Delhi,Transportation,40,,"2020-04-02",Series C,India,122.00,"2026-09-20 19:53:21"
2200,Jobcase,Boston,Recruiting,39,0.2000,"2020-04-02",Private Equity,United States,118.00,"2026-09-20 19:53:21"
2201,Copper,SF Bay Area,Marketing,35,,"2020-04-02",Series C,United States,102.00,"2026-09-20 19:53:21"
2202,Dynamic Signal,SF Bay Area,HR,35,0.1900,"2020-04-02",Series E,United States,114.00,"2026-09-20 19:53:21"
2203,FiscalNote,Washington D.C.,Media,30,,"2020-04-02",Series D,United States,50.00,"2026-09-20 19:53:21"
2204,Sauce Labs,SF Bay Area,Infrastructure,30,0.1500,"2020-04-02",Unknown,United States,151.00,"2026-09-20 19:53:21"
2205,Humu,SF Bay Area,HR,26,,"2020-04-02",Series B,United States,40.00,"2026-09-20 19:53:21"
2206,TripleLift,New York City,Marketing,23,0.0700,"2020-04-02",Series B,United States,16.00,"2026-09-20 19:53:21"
2207,Coding Dojo,Seattle,Education,7,0.0700,"2020-04-02",Unknown,United States,2.00,"2026-09-20 19:53:21"
2208,Instamojo,Bengaluru,Finance,6,0.0600,"2020-04-02",Unknown,India,8.00,"2026-09-20 19:53:21"
2209,Synergysuite,Salt Lake City,Food,5,0.0700,"2020-04-02",Series A,United States,6.00,"2026-09-20 19:53:21"
2210,Atlanta Tech Village,Atlanta,Real Estate,,0.5000,"2020-04-02",Unknown,United States,,"2026-09-20 19:53:21"
2211,Capillary,Bengaluru,Retail,,,"2020-04-02",Private Equity,India,102.00,"2026-09-20 19:53:21"
2212,Modsy,SF Bay Area,Retail,,,"2020-04-02",Series C,United States,70.00,"2026-09-20 19:53:21"
2213,The Modist,Dubai,Retail,,1.0000,"2020-04-02",Unknown,United Arab Emirates,,"2026-09-20 19:53:21"
2214,Wonder,New York City,Other,,,"2020-04-02",Unknown,United States,,"2026-09-20 19:53:21"
2215,Booksy,SF Bay Area,Consumer,200,,"2020-04-01",Series B,United States,48.00,"2026-09-20 19:53:21"
2216,Flymya,Yangon,Travel,200,0.3300,"2020-04-01",Unknown,Myanmar,,"2026-09-20 19:53:21"
2217,PatientPop,Los Angeles,Healthcare,100,0.2000,"2020-04-01",Series B,United States,75.00,"2026-09-20 19:53:21"
2218,Showpad,Chicago,Marketing,52,0.1200,"2020-04-01",Series D,United States,159.00,"2026-09-20 19:53:21"
2219,Highsnobiety,Berlin,Media,51,0.2500,"2020-04-01",Series A,Germany,8.50,"2026-09-20 19:53:21"
2220,Earnin,SF Bay Area,Finance,50,0.2000,"2020-04-01",Series C,United States,190.00,"2026-09-20 19:53:21"
2221,Wonolo,SF Bay Area,Recruiting,46,0.1300,"2020-04-01",Series C,United States,52.00,"2026-09-20 19:53:21"
2222,Acko,Mumbai,Finance,45,0.0900,"2020-04-01",Unknown,India,143.00,"2026-09-20 19:53:21"
2223,Moovel,Portland,Transportation,28,0.3700,"2020-04-01",Unknown,United States,,"2026-09-20 19:53:21"
2224,Aqua Security,Tel Aviv,Security,24,0.0900,"2020-04-01",Series C,Israel,100.00,"2026-09-20 19:53:21"
2225,Crayon,Boston,Marketing,20,0.2000,"2020-04-01",Series A,United States,16.00,"2026-09-20 19:53:21"
2226,Pana,Denver,Travel,18,,"2020-04-01",Series A,United States,11.00,"2026-09-20 19:53:21"
2227,Sensibill,Toronto,Finance,17,0.2000,"2020-04-01",Series B,Canada,50.00,"2026-09-20 19:53:21"
2228,Usermind,Seattle,Marketing,15,0.2500,"2020-04-01",Series C,United States,46.00,"2026-09-20 19:53:21"
2229,Incredible Health,SF Bay Area,Healthcare,9,0.4000,"2020-04-01",Series A,United States,15.00,"2026-09-20 19:53:21"
2230,Currency,Los Angeles,Finance,,,"2020-04-01",Unknown,United States,,"2026-09-20 19:53:21"
2231,GOAT Group,Los Angeles,Retail,,,"2020-04-01",Series D,United States,197.00,"2026-09-20 19:53:21"
2232,Le Tote,SF Bay Area,Retail,,0.5000,"2020-04-01",Series C,United States,62.00,"2026-09-20 19:53:21"
2233,Levelset,New Orleans,Construction,,,"2020-04-01",Series C,United States,46.00,"2026-09-20 19:53:21"
2234,Pebblepost,New York City,Marketing,,0.6000,"2020-04-01",Series C,United States,81.00,"2026-09-20 19:53:21"
2235,WhyHotel,Washington D.C.,Travel,,0.5000,"2020-04-01",Series B,United States,33.00,"2026-09-20 19:53:21"
2236,KeepTruckin,SF Bay Area,Logistics,349,0.1800,"2020-03-31",Series D,United States,227.00,"2026-09-20 19:53:21"
2237,AdRoll,Salt Lake City,Marketing,210,0.3000,"2020-03-31",Series C,United States,89.00,"2026-09-20 19:53:21"
2238,Rover,Seattle,Consumer,194,0.4100,"2020-03-31",Series G,United States,310.00,"2026-09-20 19:53:21"
2239,Turo,SF Bay Area,Transportation,108,0.3000,"2020-03-31",Series E,United States,467.00,"2026-09-20 19:53:21"
2240,uShip,Austin,Logistics,65,0.3700,"2020-03-31",Series D,United States,69.00,"2026-09-20 19:53:21"
2241,SkySlope,Sacramento,Real Estate,50,0.2500,"2020-03-31",Acquired,United States,,"2026-09-20 19:53:21"
2242,Siteimprove,Minneapolis,Marketing,40,,"2020-03-31",Unknown,United States,55.00,"2026-09-20 19:53:21"
2243,AngelList,SF Bay Area,Recruiting,20,,"2020-03-31",Series B,United States,26.00,"2026-09-20 19:53:21"
2244,Zenoti,Seattle,Fitness,17,0.0400,"2020-03-31",Series C,United States,91.00,"2026-09-20 19:53:21"
2245,DialSource,Sacramento,Marketing,5,0.1400,"2020-03-31",Series B,United States,26.00,"2026-09-20 19:53:21"
2246,Adara,SF Bay Area,Travel,,,"2020-03-31",Series C,United States,67.00,"2026-09-20 19:53:21"
2247,Claravine,Salt Lake City,Marketing,,,"2020-03-31",Seed,United States,4.00,"2026-09-20 19:53:21"
2248,Domio,New York City,Travel,,0.3000,"2020-03-31",Series B,United States,116.00,"2026-09-20 19:53:21"
2249,Kazoo,Austin,HR,,0.3500,"2020-03-31",Series A,United States,8.00,"2026-09-20 19:53:21"
2250,Snap Finance,Salt Lake City,Finance,,,"2020-03-31",Unknown,United States,,"2026-09-20 19:53:21"
2251,Zerto,Boston,Infrastructure,,,"2020-03-31",Series E,United States,130.00,"2026-09-20 19:53:21"
2252,Thumbtack,SF Bay Area,Consumer,250,0.3000,"2020-03-30",Series F,United States,423.00,"2026-09-20 19:53:21"
2253,RigUp,Austin,Energy,120,0.2500,"2020-03-30",Series D,United States,423.00,"2026-09-20 19:53:21"
2254,FabHotels,New Delhi,Travel,80,0.2000,"2020-03-30",Series B,India,48.00,"2026-09-20 19:53:21"
2256,PeerStreet,Los Angeles,Finance,51,0.3000,"2020-03-30",Series C,United States,110.00,"2026-09-20 19:53:21"
2257,Maven,Seattle,Media,31,0.0900,"2020-03-30",Post-IPO,United States,77.00,"2026-09-20 19:53:21"
2258,Blume Global,SF Bay Area,Logistics,30,0.1000,"2020-03-30",Unknown,United States,,"2026-09-20 19:53:21"
2259,Catalant,Boston,Other,30,,"2020-03-30",Series E,United States,110.00,"2026-09-20 19:53:21"
2260,Starship Technologies,Tallinn,Transportation,30,,"2020-03-30",Series A,Estonia,82.00,"2026-09-20 19:53:21"
2261,Loftsmart,New York City,Real Estate,25,0.7500,"2020-03-30",Series A,United States,18.00,"2026-09-20 19:53:21"
2262,Caliva,SF Bay Area,Retail,20,,"2020-03-30",Series A,United States,75.00,"2026-09-20 19:53:21"
2263,Iris Nova,New York City,Food,9,0.5000,"2020-03-30",Seed,United States,15.00,"2026-09-20 19:53:21"
2264,Cuyana,SF Bay Area,Retail,,,"2020-03-30",Series C,United States,31.00,"2026-09-20 19:53:21"
2265,ZipRecruiter,Los Angeles,Recruiting,400,0.3900,"2020-03-29",Series B,United States,219.00,"2026-09-20 19:53:21"
2266,Amplero,Seattle,Marketing,17,1.0000,"2020-03-29",Series B,United States,25.00,"2026-09-20 19:53:21"
2267,Polarr,SF Bay Area,Consumer,10,,"2020-03-29",Series A,United States,13.00,"2026-09-20 19:53:21"
2268,TravelTriangle,Gurugram,Travel,250,0.5000,"2020-03-28",Series D,India,47.00,"2026-09-20 19:53:21"
2269,WeWork,New York City,Real Estate,250,,"2020-03-28",Series H,United States,2250.00,"2026-09-20 19:53:21"
2270,Rent the Runway,New York City,Retail,,,"2020-03-28",Series F,United States,541.00,"2026-09-20 19:53:21"
2271,OneWeb,London,Aerospace,451,0.8500,"2020-03-27",Unknown,United Kingdom,3000.00,"2026-09-20 19:53:21"
2272,Bird,Los Angeles,Transportation,406,0.3000,"2020-03-27",Series D,United States,623.00,"2026-09-20 19:53:21"
2273,HOOQ,Singapore,Consumer,250,1.0000,"2020-03-27",Unknown,Singapore,95.00,"2026-09-20 19:53:21"
2274,Everlane,SF Bay Area,Retail,227,,"2020-03-27",Unknown,United States,18.00,"2026-09-20 19:53:21"
2275,DataRobot,Boston,Data,200,,"2020-03-27",Series E,United States,430.00,"2026-09-20 19:53:21"
2276,Restaurant365,Los Angeles,Food,175,,"2020-03-27",Series C,United States,127.00,"2026-09-20 19:53:21"
2277,Blueground,New York City,Real Estate,130,0.2500,"2020-03-27",Series B,United States,77.00,"2026-09-20 19:53:21"
2278,Knotel,New York City,Real Estate,127,0.3000,"2020-03-27",Series C,United States,560.00,"2026-09-20 19:53:21"
2279,Getaround,SF Bay Area,Transportation,100,0.2500,"2020-03-27",Series D,United States,403.00,"2026-09-20 19:53:21"
2280,Zipcar,Boston,Transportation,100,0.2000,"2020-03-27",Acquired,United States,107.00,"2026-09-20 19:53:21"
2281,Mogo,Vancouver,Finance,78,0.3000,"2020-03-27",Post-IPO,Canada,201.00,"2026-09-20 19:53:21"
2282,DISCO,Austin,Legal,75,,"2020-03-27",Series E,United States,133.00,"2026-09-20 19:53:21"
2283,Raken,San Diego,Construction,60,,"2020-03-27",Series A,United States,12.00,"2026-09-20 19:53:21"
2284,Bench,Vancouver,Finance,47,0.1000,"2020-03-27",Series B,Canada,49.00,"2026-09-20 19:53:21"
2285,Loft,Sao Paulo,Real Estate,47,,"2020-03-27",Series C,Brazil,263.00,"2026-09-20 19:53:21"
2286,Oh My Green,SF Bay Area,Food,40,,"2020-03-27",Seed,United States,20.00,"2026-09-20 19:53:21"
2287,Bevi,Boston,Food,30,0.2000,"2020-03-27",Series C,United States,60.00,"2026-09-20 19:53:21"
2288,Textio,Seattle,Recruiting,30,0.2000,"2020-03-27",Unknown,United States,41.00,"2026-09-20 19:53:21"
2289,Opal,Portland,Marketing,20,,"2020-03-27",Series B,United States,25.00,"2026-09-20 19:53:21"
2290,ThirdLove,New York City,Retail,10,,"2020-03-27",Series B,United States,68.00,"2026-09-20 19:53:21"
2291,Bcredi,Curitiba,Finance,,,"2020-03-27",Series A,Brazil,,"2026-09-20 19:53:21"
2292,Make School,SF Bay Area,Education,,,"2020-03-27",Unknown,United States,,"2026-09-20 19:53:21"
2293,Pivot3,Austin,Infrastructure,,,"2020-03-27",Series H,United States,273.00,"2026-09-20 19:53:21"
2294,B8ta,SF Bay Area,Retail,250,0.5000,"2020-03-26",Series C,United States,88.00,"2026-09-20 19:53:21"
2295,Fareportal,Gurugram,Travel,200,,"2020-03-26",Unknown,India,,"2026-09-20 19:53:21"
2296,Puppet,Portland,Infrastructure,50,0.1000,"2020-03-26",Series F,United States,149.00,"2026-09-20 19:53:21"
2297,Ecobee,Toronto,Energy,47,0.1000,"2020-03-26",Series C,Canada,149.00,"2026-09-20 19:53:21"
2298,Passport,Charlotte,Transportation,44,,"2020-03-26",Series D,United States,123.00,"2026-09-20 19:53:21"
2299,Peerspace,SF Bay Area,Real Estate,41,0.7500,"2020-03-26",Series B,United States,34.00,"2026-09-20 19:53:21"
2300,GoSpotCheck,Denver,Retail,23,0.2000,"2020-03-26",Series B,United States,47.00,"2026-09-20 19:53:21"
2301,Consider.co,SF Bay Area,Other,13,1.0000,"2020-03-26",Seed,United States,5.00,"2026-09-20 19:53:21"
2302,Nativo,Los Angeles,Marketing,,0.4000,"2020-03-26",Series B,United States,35.00,"2026-09-20 19:53:21"
2303,TripActions,SF Bay Area,Travel,300,0.2500,"2020-03-25",Series D,United States,981.00,"2026-09-20 19:53:21"
2304,Lyric,SF Bay Area,Real Estate,100,,"2020-03-25",Series B,United States,179.10,"2026-09-20 19:53:21"
2305,Rangle,Toronto,Product,78,0.3000,"2020-03-25",Unknown,Canada,,"2026-09-20 19:53:21"
2306,O'Reilly Media,SF Bay Area,Media,75,0.1500,"2020-03-25",Unknown,United States,,"2026-09-20 19:53:21"
2307,WanderJaunt,SF Bay Area,Travel,56,0.2300,"2020-03-25",Series B,United States,26.00,"2026-09-20 19:53:21"
2308,OutboundEngine,Austin,Marketing,52,0.2800,"2020-03-25",Series C,United States,48.00,"2026-09-20 19:53:21"
2309,Wonderschool,SF Bay Area,Education,50,0.7500,"2020-03-25",Series A,United States,24.00,"2026-09-20 19:53:21"
2310,Overtime,New York City,Media,30,0.2300,"2020-03-25",Series B,United States,35.00,"2026-09-20 19:53:21"
2311,Jama,Portland,Product,12,0.0500,"2020-03-25",Unknown,United States,233.00,"2026-09-20 19:53:21"
2312,Element Analytics,SF Bay Area,Data,10,,"2020-03-25",Series A,United States,22.00,"2026-09-20 19:53:21"
2313,Clever Real Estate,St. Louis,Real Estate,,,"2020-03-25",Series A,United States,5.00,"2026-09-20 19:53:21"
2314,Clutter,Los Angeles,Consumer,,0.3000,"2020-03-25",Series D,United States,296.00,"2026-09-20 19:53:21"
2315,Divvy Homes,SF Bay Area,Real Estate,,0.0800,"2020-03-25",Series B,United States,180.00,"2026-09-20 19:53:21"
2316,Universal Standard,New York City,Retail,,,"2020-03-25",Series A,United States,8.00,"2026-09-20 19:53:21"
2317,Sonder,SF Bay Area,Travel,400,0.3300,"2020-03-24",Series D,United States,359.00,"2026-09-20 19:53:21"
2318,Takl,Nashville,Consumer,130,,"2020-03-24",Unknown,United States,,"2026-09-20 19:53:21"
2319,Foodsby,Minneapolis,Food,87,0.6700,"2020-03-24",Series B,United States,20.00,"2026-09-20 19:53:21"
2320,Zeus Living,SF Bay Area,Real Estate,80,0.3000,"2020-03-24",Series B,United States,79.00,"2026-09-20 19:53:21"
2321,TravelBank,SF Bay Area,Travel,20,,"2020-03-24",Series B,United States,35.00,"2026-09-20 19:53:21"
2322,Flowr,Toronto,Retail,,0.2500,"2020-03-24",Unknown,Canada,,"2026-09-20 19:53:21"
2323,Peerfit,Tampa Bay,HR,,0.4000,"2020-03-24",Unknown,United States,47.00,"2026-09-20 19:53:21"
2324,SpotHero,Chicago,Transportation,,,"2020-03-24",Series D,United States,117.00,"2026-09-20 19:53:21"
2325,Compass,New York City,Real Estate,375,0.1500,"2020-03-23",Series G,United States,1600.00,"2026-09-20 19:53:21"
2326,Convene,New York City,Real Estate,150,0.1800,"2020-03-23",Series D,United States,280.00,"2026-09-20 19:53:21"
2327,Leafly,Seattle,Retail,91,0.5000,"2020-03-23",Acquired,United States,2.00,"2026-09-20 19:53:21"
2328,The Guild,Austin,Travel,38,0.2200,"2020-03-23",Series B,United States,36.00,"2026-09-20 19:53:21"
2329,Drip,Salt Lake City,Marketing,20,,"2020-03-23",Acquired,United States,0.00,"2026-09-20 19:53:21"
2330,GrayMeta,Los Angeles,Data,20,0.4000,"2020-03-23",Unknown,United States,7.00,"2026-09-20 19:53:21"
2331,Triplebyte,SF Bay Area,Recruiting,15,0.1700,"2020-03-23",Series B,United States,48.00,"2026-09-20 19:53:21"
2332,Ladder Life,SF Bay Area,Finance,13,0.2500,"2020-03-23",Series C,United States,94.00,"2026-09-20 19:53:21"
2333,Cabin,SF Bay Area,Travel,,0.2000,"2020-03-23",Seed,United States,3.00,"2026-09-20 19:53:21"
2334,Eight Sleep,New York City,Retail,,0.2000,"2020-03-23",Series C,United States,70.00,"2026-09-20 19:53:21"
2335,Zwift,Los Angeles,Fitness,,,"2020-03-23",Series B,United States,164.00,"2026-09-20 19:53:21"
2336,Flywheel Sports,New York City,Fitness,784,0.9800,"2020-03-20",Acquired,United States,120.00,"2026-09-20 19:53:21"
2337,Peek,Salt Lake City,Travel,45,,"2020-03-20",Series B,United States,39.00,"2026-09-20 19:53:21"
2338,CTO.ai,Vancouver,Infrastructure,30,0.5000,"2020-03-20",Seed,Canada,7.00,"2026-09-20 19:53:21"
2339,Yonder,Austin,Media,18,,"2020-03-20",Series A,United States,16.00,"2026-09-20 19:53:21"
2340,Service,Los Angeles,Travel,,1.0000,"2020-03-20",Seed,United States,5.00,"2026-09-20 19:53:21"
2341,Vacasa,Portland,Travel,,,"2020-03-20",Series C,United States,526.00,"2026-09-20 19:53:21"
2342,Bounce,Bengaluru,Transportation,120,,"2020-03-19",Series D,India,214.00,"2026-09-20 19:53:21"
2343,Ejento,SF Bay Area,Recruiting,84,1.0000,"2020-03-19",Unknown,United States,,"2026-09-20 19:53:21"
2344,Remote Year,Chicago,Travel,50,0.5000,"2020-03-19",Series B,United States,17.00,"2026-09-20 19:53:21"
2345,Lola,Boston,Travel,34,,"2020-03-19",Series C,United States,81.00,"2026-09-20 19:53:21"
2346,Anyvision,Tel Aviv,Security,,,"2020-03-19",Series A,Israel,74.00,"2026-09-20 19:53:21"
2347,Popin,New York City,Fitness,,1.0000,"2020-03-19",Unknown,United States,13.00,"2026-09-20 19:53:21"
2348,Tuft & Needle,Phoenix,Retail,,,"2020-03-19",Acquired,United States,0.00,"2026-09-20 19:53:21"
2349,Flytedesk,Boulder,Marketing,4,0.2000,"2020-03-18",Seed,United States,4.00,"2026-09-20 19:53:21"
2350,Inspirato,Denver,Travel,130,0.2200,"2020-03-16",Series C,United States,79.00,"2026-09-20 19:53:21"
2351,Help.com,Austin,Support,16,1.0000,"2020-03-16",Seed,United States,6.00,"2026-09-20 19:53:21"
2352,Service,Los Angeles,Travel,,1.0000,"2020-03-16",Seed,United States,5.10,"2026-09-20 19:53:21"
2353,HopSkipDrive,Los Angeles,Transportation,8,0.1000,"2020-03-13",Unknown,United States,45.00,"2026-09-20 19:53:21"
2354,Panda Squad,SF Bay Area,Consumer,6,0.7500,"2020-03-13",Seed,United States,1.00,"2026-09-20 19:53:21"
2355,Tamara Mellon,Los Angeles,Retail,20,0.4000,"2020-03-12",Series C,United States,90.00,"2026-09-20 19:53:21"
2356,EasyPost,Salt Lake City,Logistics,75,,"2020-03-11",Series A,United States,12.00,"2026-09-20 19:53:21"
2357,Blackbaud,Charleston,Other,500,0.1400,,Post-IPO,United States,,"2026-09-20 19:53:21"
2358,Yahoo,SF Bay Area,Consumer,1600,0.2000,"2023-02-09",Acquired,United States,6.00,"2026-09-20 19:53:21"
2359,Hibob,Tel Aviv,HR,70,0.3000,"2020-03-30",Series A,Israel,45.00,"2026-09-20 19:53:21"
2360,Casper,New York City,Retail,,,"2021-09-14",Post-IPO,United States,339.00,"2026-09-20 19:53:21"
2361,Wildlife Studios,Sao Paulo,Consumer,300,0.2000,"2022-11-28",Unknown,Brazil,260.00,"2026-09-20 19:53:21"
